"RAPPORT COMPTAGE SAVONS		"
"Date,2026-09-08 12:31:24		"
"Total Savons Comptés,16		"
"Anomalies Détectées,108		"
"		"
"Frame,Timestamp (s),Détections,ID Track,Anomalies,Statut		"
"1,0.03,0,,Aucune,		"
"2,0.07,0,,Aucune,		"
"3,0.10,0,,Aucune,		"
"4,0.13,0,,Aucune,		"
"5,0.17,0,,Aucune,		"
"6,0.20,0,,Aucune,		"
"7,0.23,0,,Aucune,		"
"8,0.27,0,,Aucune,		"
"9,0.30,0,,Aucune,		"
"10,0.33,0,,Aucune,		"
"11,0.37,0,,Aucune,		"
"12,0.40,0,,Aucune,		"
"13,0.43,0,,Aucune,		"
"14,0.47,0,,Aucune,		"
"15,0.50,0,,Aucune,		"
"16,0.53,0,,Aucune,		"
"17,0.57,0,,Aucune,		"
"18,0.60,0,,Aucune,		"
"19,0.63,0,,Aucune,		"
"20,0.67,0,,Aucune,		"
"21,0.70,0,,Aucune,		"
"22,0.73,0,,Aucune,		"
"23,0.77,0,,Aucune,		"
"24,0.80,0,,Aucune,		"
"25,0.83,0,,Aucune,		"
"26,0.87,0,,Aucune,		"
"27,0.90,0,,Aucune,		"
"28,0.93,0,,Aucune,		"
"29,0.97,0,,Aucune,		"
"30,1.00,0,,Aucune,		"
"31,1.03,0,,Aucune,		"
"32,1.07,0,,Aucune,		"
"33,1.10,0,,Aucune,		"
"34,1.13,0,,Aucune,		"
"35,1.17,0,,Aucune,		"
"36,1.20,0,,Aucune,		"
"37,1.23,0,,Aucune,		"
"38,1.27,0,,Aucune,		"
"39,1.30,0,,Aucune,		"
"40,1.33,0,,Aucune,		"
"41,1.37,0,,Aucune,		"
"42,1.40,0,,Aucune,		"
"43,1.43,0,,Aucune,		"
"44,1.47,0,,Aucune,		"
"45,1.50,0,,Aucune,		"
"46,1.53,0,,Aucune,		"
"47,1.57,0,,Aucune,		"
"48,1.60,0,,Aucune,		"
"49,1.63,0,,Aucune,		"
"50,1.67,0,,Aucune,		"
"51,1.70,0,,Aucune,		"
"52,1.73,0,,Aucune,		"
"53,1.77,0,,Aucune,		"
"54,1.80,0,,Aucune,		"
"55,1.83,1,1,PACKAGING_DÉCHIRÉ	 PAS_TRIANGLE,?	"
"56,1.87,0,,Aucune,		"
"57,1.90,0,,Aucune,		"
"58,1.93,0,,Aucune,		"
"59,1.97,0,,Aucune,		"
"60,2.00,0,,Aucune,		"
"61,2.03,0,,Aucune,		"
"62,2.07,0,,Aucune,		"
"63,2.10,0,,Aucune,		"
"64,2.13,1,2,PACKAGING_DÉCHIRÉ	 PAS_TRIANGLE,?	"
"65,2.17,1,2,PACKAGING_DÉCHIRÉ	 PAS_TRIANGLE,?	"
"66,2.20,0,,Aucune,		"
"67,2.24,0,,Aucune,		"
"68,2.27,0,,Aucune,		"
"69,2.30,0,,Aucune,		"
"70,2.34,0,,Aucune,		"
"71,2.37,0,,Aucune,		"
"72,2.40,0,,Aucune,		"
"73,2.44,0,,Aucune,		"
"74,2.47,0,,Aucune,		"
"75,2.50,0,,Aucune,		"
"76,2.54,0,,Aucune,		"
"77,2.57,0,,Aucune,		"
"78,2.60,0,,Aucune,		"
"79,2.64,0,,Aucune,		"
"80,2.67,0,,Aucune,		"
"81,2.70,0,,Aucune,		"
"82,2.74,0,,Aucune,		"
"83,2.77,0,,Aucune,		"
"84,2.80,0,,Aucune,		"
"85,2.84,0,,Aucune,		"
"86,2.87,0,,Aucune,		"
"87,2.90,0,,Aucune,		"
"88,2.94,0,,Aucune,		"
"89,2.97,1,3,PACKAGING_DÉCHIRÉ	 PAS_TRIANGLE,?	"
"90,3.00,1,3,PACKAGING_DÉCHIRÉ	 PAS_TRIANGLE,?	"
"91,3.04,1,3,PACKAGING_DÉCHIRÉ	 PAS_TRIANGLE,?	"
"92,3.07,1,3,PACKAGING_DÉCHIRÉ	 PAS_TRIANGLE,?	"
"93,3.10,0,,Aucune,		"
"94,3.14,1,4,PACKAGING_DÉCHIRÉ	 PAS_TRIANGLE,?	"
"95,3.17,1,4,PACKAGING_DÉCHIRÉ	 PAS_TRIANGLE,?	"
"96,3.20,1,4,PACKAGING_DÉCHIRÉ	 PAS_TRIANGLE,?	"
"97,3.24,0,,Aucune,		"
"98,3.27,1,5,PACKAGING_DÉCHIRÉ	 PAS_TRIANGLE,?	"
"99,3.30,1,5,PACKAGING_DÉCHIRÉ	 PAS_TRIANGLE,?	"
"100,3.34,0,,Aucune,		"
"101,3.37,0,,Aucune,		"
"102,3.40,0,,Aucune,		"
"103,3.44,0,,Aucune,		"
"104,3.47,0,,Aucune,		"
"105,3.50,0,,Aucune,		"
"106,3.54,0,,Aucune,		"
"107,3.57,0,,Aucune,		"
"108,3.60,0,,Aucune,		"
"109,3.64,1,6,PACKAGING_DÉCHIRÉ	 PAS_TRIANGLE,?	"
"110,3.67,1,6,PACKAGING_DÉCHIRÉ	 PAS_TRIANGLE,?	"
"111,3.70,1,6,PACKAGING_DÉCHIRÉ	 PAS_TRIANGLE,?	"
"112,3.74,0,,Aucune,		"
"113,3.77,1,7,PACKAGING_DÉCHIRÉ	 PAS_TRIANGLE,?	"
"114,3.80,1,7,PACKAGING_DÉCHIRÉ	 PAS_TRIANGLE,?	"
"115,3.84,0,,Aucune,		"
"116,3.87,0,,Aucune,		"
"117,3.90,0,,Aucune,		"
"118,3.94,0,,Aucune,		"
"119,3.97,1,8,PACKAGING_DÉCHIRÉ	 PAS_TRIANGLE,?	"
"120,4.00,1,8,PACKAGING_DÉCHIRÉ	 PAS_TRIANGLE,?	"
"121,4.04,1,8,PACKAGING_DÉCHIRÉ	 PAS_TRIANGLE,?	"
"122,4.07,1,8,PACKAGING_DÉCHIRÉ	 PAS_TRIANGLE,?	"
"123,4.10,1,8,PACKAGING_DÉCHIRÉ	 PAS_TRIANGLE,?	"
"124,4.14,0,,Aucune,		"
"125,4.17,0,,Aucune,		"
"126,4.20,0,,Aucune,		"
"127,4.24,0,,Aucune,		"
"128,4.27,1,9,PACKAGING_DÉCHIRÉ	 PAS_TRIANGLE,?	"
"129,4.30,1,9,PACKAGING_DÉCHIRÉ	 PAS_TRIANGLE,?	"
"130,4.34,0,,Aucune,		"
"131,4.37,0,,Aucune,		"
"132,4.40,0,,Aucune,		"
"133,4.44,0,,Aucune,		"
"134,4.47,0,,Aucune,		"
"135,4.50,0,,Aucune,		"
"136,4.54,0,,Aucune,		"
"137,4.57,0,,Aucune,		"
"138,4.60,0,,Aucune,		"
"139,4.64,0,,Aucune,		"
"140,4.67,0,,Aucune,		"
"141,4.70,0,,Aucune,		"
"142,4.74,0,,Aucune,		"
"143,4.77,0,,Aucune,		"
"144,4.80,0,,Aucune,		"
"145,4.84,0,,Aucune,		"
"146,4.87,0,,Aucune,		"
"147,4.90,0,,Aucune,		"
"148,4.94,0,,Aucune,		"
"149,4.97,0,,Aucune,		"
"150,5.00,0,,Aucune,		"
"151,5.04,0,,Aucune,		"
"152,5.07,0,,Aucune,		"
"153,5.10,0,,Aucune,		"
"154,5.14,0,,Aucune,		"
"155,5.17,0,,Aucune,		"
"156,5.20,0,,Aucune,		"
"157,5.24,0,,Aucune,		"
"158,5.27,0,,Aucune,		"
"159,5.30,0,,Aucune,		"
"160,5.34,0,,Aucune,		"
"161,5.37,0,,Aucune,		"
"162,5.40,0,,Aucune,		"
"163,5.44,0,,Aucune,		"
"164,5.47,0,,Aucune,		"
"165,5.50,0,,Aucune,		"
"166,5.54,0,,Aucune,		"
"167,5.57,0,,Aucune,		"
"168,5.60,0,,Aucune,		"
"169,5.64,0,,Aucune,		"
"170,5.67,1,10,PACKAGING_DÉCHIRÉ	 PAS_TRIANGLE,?	"
"171,5.70,0,,Aucune,		"
"172,5.74,0,,Aucune,		"
"173,5.77,0,,Aucune,		"
"174,5.80,0,,Aucune,		"
"175,5.84,0,,Aucune,		"
"176,5.87,0,,Aucune,		"
"177,5.90,0,,Aucune,		"
"178,5.94,0,,Aucune,		"
"179,5.97,2,11,PACKAGING_DÉCHIRÉ	 PAS_TRIANGLE,?	"
"179,5.97,2,12,PACKAGING_DÉCHIRÉ	 PAS_TRIANGLE	 MAL_ALIGNÉ,?"
"180,6.00,1,12,PACKAGING_DÉCHIRÉ	 PAS_TRIANGLE	 MAL_ALIGNÉ,?"
"181,6.04,1,11,PACKAGING_DÉCHIRÉ	 PAS_TRIANGLE,?	"
"182,6.07,0,,Aucune,		"
"183,6.10,0,,Aucune,		"
"184,6.14,0,,Aucune,		"
"185,6.17,0,,Aucune,		"
"186,6.20,0,,Aucune,		"
"187,6.24,0,,Aucune,		"
"188,6.27,0,,Aucune,		"
"189,6.30,0,,Aucune,		"
"190,6.34,0,,Aucune,		"
"191,6.37,0,,Aucune,		"
"192,6.40,0,,Aucune,		"
"193,6.44,0,,Aucune,		"
"194,6.47,0,,Aucune,		"
"195,6.51,0,,Aucune,		"
"196,6.54,0,,Aucune,		"
"197,6.57,0,,Aucune,		"
"198,6.61,0,,Aucune,		"
"199,6.64,0,,Aucune,		"
"200,6.67,0,,Aucune,		"
"201,6.71,0,,Aucune,		"
"202,6.74,0,,Aucune,		"
"203,6.77,0,,Aucune,		"
"204,6.81,0,,Aucune,		"
"205,6.84,0,,Aucune,		"
"206,6.87,0,,Aucune,		"
"207,6.91,0,,Aucune,		"
"208,6.94,0,,Aucune,		"
"209,6.97,0,,Aucune,		"
"210,7.01,0,,Aucune,		"
"211,7.04,0,,Aucune,		"
"212,7.07,0,,Aucune,		"
"213,7.11,0,,Aucune,		"
"214,7.14,0,,Aucune,		"
"215,7.17,0,,Aucune,		"
"216,7.21,0,,Aucune,		"
"217,7.24,0,,Aucune,		"
"218,7.27,0,,Aucune,		"
"219,7.31,0,,Aucune,		"
"220,7.34,0,,Aucune,		"
"221,7.37,0,,Aucune,		"
"222,7.41,0,,Aucune,		"
"223,7.44,0,,Aucune,		"
"224,7.47,0,,Aucune,		"
"225,7.51,0,,Aucune,		"
"226,7.54,0,,Aucune,		"
"227,7.57,0,,Aucune,		"
"228,7.61,0,,Aucune,		"
"229,7.64,0,,Aucune,		"
"230,7.67,0,,Aucune,		"
"231,7.71,0,,Aucune,		"
"232,7.74,0,,Aucune,		"
"233,7.77,0,,Aucune,		"
"234,7.81,0,,Aucune,		"
"235,7.84,0,,Aucune,		"
"236,7.87,0,,Aucune,		"
"237,7.91,0,,Aucune,		"
"238,7.94,0,,Aucune,		"
"239,7.97,0,,Aucune,		"
"240,8.01,0,,Aucune,		"
"241,8.04,0,,Aucune,		"
"242,8.07,0,,Aucune,		"
"243,8.11,0,,Aucune,		"
"244,8.14,0,,Aucune,		"
"245,8.17,0,,Aucune,		"
"246,8.21,0,,Aucune,		"
"247,8.24,0,,Aucune,		"
"248,8.27,0,,Aucune,		"
"249,8.31,0,,Aucune,		"
"250,8.34,0,,Aucune,		"
"251,8.37,0,,Aucune,		"
"252,8.41,0,,Aucune,		"
"253,8.44,0,,Aucune,		"
"254,8.47,0,,Aucune,		"
"255,8.51,0,,Aucune,		"
"256,8.54,0,,Aucune,		"
"257,8.57,0,,Aucune,		"
"258,8.61,0,,Aucune,		"
"259,8.64,0,,Aucune,		"
"260,8.67,0,,Aucune,		"
"261,8.71,0,,Aucune,		"
"262,8.74,0,,Aucune,		"
"263,8.77,0,,Aucune,		"
"264,8.81,0,,Aucune,		"
"265,8.84,0,,Aucune,		"
"266,8.87,0,,Aucune,		"
"267,8.91,0,,Aucune,		"
"268,8.94,0,,Aucune,		"
"269,8.97,0,,Aucune,		"
"270,9.01,0,,Aucune,		"
"271,9.04,0,,Aucune,		"
"272,9.07,0,,Aucune,		"
"273,9.11,0,,Aucune,		"
"274,9.14,0,,Aucune,		"
"275,9.17,0,,Aucune,		"
"276,9.21,0,,Aucune,		"
"277,9.24,0,,Aucune,		"
"278,9.27,0,,Aucune,		"
"279,9.31,0,,Aucune,		"
"280,9.34,0,,Aucune,		"
"281,9.37,0,,Aucune,		"
"282,9.41,0,,Aucune,		"
"283,9.44,0,,Aucune,		"
"284,9.47,0,,Aucune,		"
"285,9.51,0,,Aucune,		"
"286,9.54,0,,Aucune,		"
"287,9.57,0,,Aucune,		"
"288,9.61,0,,Aucune,		"
"289,9.64,0,,Aucune,		"
"290,9.67,0,,Aucune,		"
"291,9.71,0,,Aucune,		"
"292,9.74,0,,Aucune,		"
"293,9.77,0,,Aucune,		"
"294,9.81,0,,Aucune,		"
"295,9.84,0,,Aucune,		"
"296,9.87,0,,Aucune,		"
"297,9.91,0,,Aucune,		"
"298,9.94,1,13,PACKAGING_DÉCHIRÉ	 PAS_TRIANGLE,?	"
"299,9.97,0,,Aucune,		"
"300,10.01,1,14,PACKAGING_DÉCHIRÉ	 PAS_TRIANGLE,?	"
"301,10.04,0,,Aucune,		"
"302,10.07,0,,Aucune,		"
"303,10.11,0,,Aucune,		"
"304,10.14,1,15,PACKAGING_DÉCHIRÉ	 PAS_TRIANGLE,?	"
"305,10.17,0,,Aucune,		"
"306,10.21,0,,Aucune,		"
"307,10.24,0,,Aucune,		"
"308,10.27,0,,Aucune,		"
"309,10.31,0,,Aucune,		"
"310,10.34,0,,Aucune,		"
"311,10.37,0,,Aucune,		"
"312,10.41,0,,Aucune,		"
"313,10.44,0,,Aucune,		"
"314,10.47,0,,Aucune,		"
"315,10.51,0,,Aucune,		"
"316,10.54,0,,Aucune,		"
"317,10.57,0,,Aucune,		"
"318,10.61,0,,Aucune,		"
"319,10.64,0,,Aucune,		"
"320,10.67,0,,Aucune,		"
"321,10.71,0,,Aucune,		"
"322,10.74,0,,Aucune,		"
"323,10.77,0,,Aucune,		"
"324,10.81,0,,Aucune,		"
"325,10.84,0,,Aucune,		"
"326,10.88,1,16,PACKAGING_DÉCHIRÉ	 PAS_TRIANGLE,?	"
"327,10.91,0,,Aucune,		"
"328,10.94,0,,Aucune,		"
"329,10.98,0,,Aucune,		"
"330,11.01,0,,Aucune,		"
"331,11.04,0,,Aucune,		"
"332,11.08,0,,Aucune,		"
"333,11.11,0,,Aucune,		"
"334,11.14,0,,Aucune,		"
"335,11.18,0,,Aucune,		"
"336,11.21,0,,Aucune,		"
"337,11.24,0,,Aucune,		"
"338,11.28,0,,Aucune,		"
"339,11.31,0,,Aucune,		"
"340,11.34,0,,Aucune,		"
"341,11.38,0,,Aucune,		"
"342,11.41,0,,Aucune,		"
"343,11.44,0,,Aucune,		"
"344,11.48,0,,Aucune,		"
"345,11.51,0,,Aucune,		"
"346,11.54,0,,Aucune,		"
"347,11.58,0,,Aucune,		"
"348,11.61,0,,Aucune,		"
"349,11.64,0,,Aucune,		"
"350,11.68,0,,Aucune,		"
"351,11.71,0,,Aucune,		"
"352,11.74,0,,Aucune,		"
"353,11.78,0,,Aucune,		"
"354,11.81,0,,Aucune,		"
"355,11.84,0,,Aucune,		"
"356,11.88,0,,Aucune,		"
"357,11.91,0,,Aucune,		"
"358,11.94,0,,Aucune,		"
"359,11.98,0,,Aucune,		"
"360,12.01,0,,Aucune,		"
"361,12.04,0,,Aucune,		"
"362,12.08,0,,Aucune,		"
"363,12.11,0,,Aucune,		"
"364,12.14,0,,Aucune,		"
"365,12.18,0,,Aucune,		"
"366,12.21,0,,Aucune,		"
"367,12.24,0,,Aucune,		"
"368,12.28,0,,Aucune,		"
"369,12.31,0,,Aucune,		"
"370,12.34,0,,Aucune,		"
"371,12.38,0,,Aucune,		"
"372,12.41,0,,Aucune,		"
"373,12.44,0,,Aucune,		"
"374,12.48,0,,Aucune,		"
"375,12.51,0,,Aucune,		"
"376,12.54,0,,Aucune,		"
"377,12.58,0,,Aucune,		"
"378,12.61,0,,Aucune,		"
"379,12.64,0,,Aucune,		"
"380,12.68,0,,Aucune,		"
"381,12.71,0,,Aucune,		"
"382,12.74,0,,Aucune,		"
"383,12.78,0,,Aucune,		"
"384,12.81,0,,Aucune,		"
"385,12.84,0,,Aucune,		"
"386,12.88,0,,Aucune,		"
"387,12.91,0,,Aucune,		"
"388,12.94,0,,Aucune,		"
"389,12.98,0,,Aucune,		"
"390,13.01,0,,Aucune,		"
"391,13.04,0,,Aucune,		"
"392,13.08,0,,Aucune,		"
"393,13.11,0,,Aucune,		"
"394,13.14,0,,Aucune,		"
"395,13.18,0,,Aucune,		"
"396,13.21,0,,Aucune,		"
"397,13.24,0,,Aucune,		"
"398,13.28,0,,Aucune,		"
"399,13.31,0,,Aucune,		"
"400,13.34,0,,Aucune,		"
"401,13.38,0,,Aucune,		"
"402,13.41,0,,Aucune,		"
"403,13.44,0,,Aucune,		"
"404,13.48,0,,Aucune,		"
"405,13.51,0,,Aucune,		"
"406,13.54,0,,Aucune,		"
"407,13.58,0,,Aucune,		"
"408,13.61,0,,Aucune,		"
"409,13.64,0,,Aucune,		"
"410,13.68,0,,Aucune,		"
"411,13.71,0,,Aucune,		"
"412,13.74,0,,Aucune,		"
"413,13.78,0,,Aucune,		"
"414,13.81,0,,Aucune,		"
"415,13.84,0,,Aucune,		"
"416,13.88,0,,Aucune,		"
"417,13.91,0,,Aucune,		"
"418,13.94,0,,Aucune,		"
"419,13.98,0,,Aucune,		"
"420,14.01,0,,Aucune,		"
"421,14.04,0,,Aucune,		"
"422,14.08,0,,Aucune,		"
"423,14.11,0,,Aucune,		"
"424,14.14,0,,Aucune,		"
"425,14.18,0,,Aucune,		"
"426,14.21,0,,Aucune,		"
"427,14.24,0,,Aucune,		"
"428,14.28,0,,Aucune,		"
"429,14.31,0,,Aucune,		"
"430,14.34,0,,Aucune,		"
"431,14.38,0,,Aucune,		"
"432,14.41,0,,Aucune,		"
"433,14.44,0,,Aucune,		"
"434,14.48,0,,Aucune,		"
"435,14.51,1,17,PACKAGING_DÉCHIRÉ	 PAS_TRIANGLE,?	"
"436,14.54,0,,Aucune,		"
"437,14.58,0,,Aucune,		"
"438,14.61,0,,Aucune,		"
"439,14.64,0,,Aucune,		"
"440,14.68,0,,Aucune,		"
"441,14.71,0,,Aucune,		"
"442,14.74,0,,Aucune,		"
"443,14.78,0,,Aucune,		"
"444,14.81,0,,Aucune,		"
"445,14.84,0,,Aucune,		"
"446,14.88,0,,Aucune,		"
"447,14.91,0,,Aucune,		"
"448,14.94,0,,Aucune,		"
"449,14.98,0,,Aucune,		"
"450,15.01,0,,Aucune,		"
"451,15.04,0,,Aucune,		"
"452,15.08,0,,Aucune,		"
"453,15.11,0,,Aucune,		"
"454,15.15,0,,Aucune,		"
"455,15.18,0,,Aucune,		"
"456,15.21,0,,Aucune,		"
"457,15.25,0,,Aucune,		"
"458,15.28,0,,Aucune,		"
"459,15.31,0,,Aucune,		"
"460,15.35,0,,Aucune,		"
"461,15.38,0,,Aucune,		"
"462,15.41,0,,Aucune,		"
"463,15.45,0,,Aucune,		"
"464,15.48,0,,Aucune,		"
"465,15.51,0,,Aucune,		"
"466,15.55,0,,Aucune,		"
"467,15.58,0,,Aucune,		"
"468,15.61,0,,Aucune,		"
"469,15.65,0,,Aucune,		"
"470,15.68,0,,Aucune,		"
"471,15.71,0,,Aucune,		"
"472,15.75,0,,Aucune,		"
"473,15.78,0,,Aucune,		"
"474,15.81,0,,Aucune,		"
"475,15.85,0,,Aucune,		"
"476,15.88,0,,Aucune,		"
"477,15.91,0,,Aucune,		"
"478,15.95,0,,Aucune,		"
"479,15.98,0,,Aucune,		"
"480,16.01,0,,Aucune,		"
"481,16.05,0,,Aucune,		"
"482,16.08,0,,Aucune,		"
"483,16.11,0,,Aucune,		"
"484,16.15,0,,Aucune,		"
"485,16.18,0,,Aucune,		"
"486,16.21,1,18,PACKAGING_DÉCHIRÉ	 PAS_TRIANGLE,?	"
"487,16.25,0,,Aucune,		"
"488,16.28,0,,Aucune,		"
"489,16.31,0,,Aucune,		"
"490,16.35,0,,Aucune,		"
"491,16.38,0,,Aucune,		"
"492,16.41,0,,Aucune,		"
"493,16.45,0,,Aucune,		"
"494,16.48,0,,Aucune,		"
"495,16.51,0,,Aucune,		"
"496,16.55,0,,Aucune,		"
"497,16.58,0,,Aucune,		"
"498,16.61,0,,Aucune,		"
"499,16.65,0,,Aucune,		"
"500,16.68,0,,Aucune,		"
"501,16.71,0,,Aucune,		"
"502,16.75,0,,Aucune,		"
"503,16.78,0,,Aucune,		"
"504,16.81,0,,Aucune,		"
"505,16.85,0,,Aucune,		"
"506,16.88,0,,Aucune,		"
"507,16.91,0,,Aucune,		"
"508,16.95,0,,Aucune,		"
"509,16.98,0,,Aucune,		"
"510,17.01,0,,Aucune,		"
"511,17.05,0,,Aucune,		"
"512,17.08,0,,Aucune,		"
"513,17.11,0,,Aucune,		"
"514,17.15,0,,Aucune,		"
"515,17.18,0,,Aucune,		"
"516,17.21,0,,Aucune,		"
"517,17.25,0,,Aucune,		"
"518,17.28,0,,Aucune,		"
"519,17.31,0,,Aucune,		"
"520,17.35,0,,Aucune,		"
"521,17.38,0,,Aucune,		"
"522,17.41,0,,Aucune,		"
"523,17.45,0,,Aucune,		"
"524,17.48,0,,Aucune,		"
"525,17.51,0,,Aucune,		"
"526,17.55,0,,Aucune,		"
"527,17.58,0,,Aucune,		"
"528,17.61,0,,Aucune,		"
"529,17.65,0,,Aucune,		"
"530,17.68,0,,Aucune,		"
"531,17.71,0,,Aucune,		"
"532,17.75,0,,Aucune,		"
"533,17.78,0,,Aucune,		"
"534,17.81,0,,Aucune,		"
"535,17.85,0,,Aucune,		"
"536,17.88,0,,Aucune,		"
"537,17.91,0,,Aucune,		"
"538,17.95,0,,Aucune,		"
"539,17.98,0,,Aucune,		"
"540,18.01,0,,Aucune,		"
"541,18.05,0,,Aucune,		"
"542,18.08,0,,Aucune,		"
"543,18.11,0,,Aucune,		"
"544,18.15,0,,Aucune,		"
"545,18.18,0,,Aucune,		"
"546,18.21,0,,Aucune,		"
"547,18.25,0,,Aucune,		"
"548,18.28,0,,Aucune,		"
"549,18.31,0,,Aucune,		"
"550,18.35,0,,Aucune,		"
"551,18.38,0,,Aucune,		"
"552,18.41,0,,Aucune,		"
"553,18.45,0,,Aucune,		"
"554,18.48,0,,Aucune,		"
"555,18.51,0,,Aucune,		"
"556,18.55,0,,Aucune,		"
"557,18.58,0,,Aucune,		"
"558,18.61,0,,Aucune,		"
"559,18.65,0,,Aucune,		"
"560,18.68,0,,Aucune,		"
"561,18.71,0,,Aucune,		"
"562,18.75,0,,Aucune,		"
"563,18.78,0,,Aucune,		"
"564,18.81,0,,Aucune,		"
"565,18.85,0,,Aucune,		"
"566,18.88,0,,Aucune,		"
"567,18.91,0,,Aucune,		"
"568,18.95,0,,Aucune,		"
"569,18.98,0,,Aucune,		"
"570,19.01,0,,Aucune,		"
"571,19.05,0,,Aucune,		"
"572,19.08,0,,Aucune,		"
"573,19.11,0,,Aucune,		"
"574,19.15,0,,Aucune,		"
"575,19.18,0,,Aucune,		"
"576,19.21,0,,Aucune,		"
"577,19.25,0,,Aucune,		"
"578,19.28,0,,Aucune,		"
"579,19.31,0,,Aucune,		"
"580,19.35,0,,Aucune,		"
"581,19.38,0,,Aucune,		"
"582,19.42,0,,Aucune,		"
"583,19.45,0,,Aucune,		"
"584,19.48,0,,Aucune,		"
"585,19.52,0,,Aucune,		"
"586,19.55,0,,Aucune,		"
"587,19.58,0,,Aucune,		"
"588,19.62,0,,Aucune,		"
"589,19.65,0,,Aucune,		"
"590,19.68,0,,Aucune,		"
"591,19.72,0,,Aucune,		"
"592,19.75,0,,Aucune,		"
"593,19.78,0,,Aucune,		"
"594,19.82,0,,Aucune,		"
"595,19.85,0,,Aucune,		"
"596,19.88,0,,Aucune,		"
"597,19.92,0,,Aucune,		"
"598,19.95,0,,Aucune,		"
"599,19.98,0,,Aucune,		"
"600,20.02,0,,Aucune,		"
"601,20.05,0,,Aucune,		"
"602,20.08,0,,Aucune,		"
"603,20.12,0,,Aucune,		"
"604,20.15,0,,Aucune,		"
"605,20.18,0,,Aucune,		"
"606,20.22,0,,Aucune,		"
"607,20.25,0,,Aucune,		"
"608,20.28,0,,Aucune,		"
"609,20.32,0,,Aucune,		"
"610,20.35,0,,Aucune,		"
"611,20.38,0,,Aucune,		"
"612,20.42,0,,Aucune,		"
"613,20.45,0,,Aucune,		"
"614,20.48,0,,Aucune,		"
"615,20.52,0,,Aucune,		"
"616,20.55,0,,Aucune,		"
"617,20.58,0,,Aucune,		"
"618,20.62,0,,Aucune,		"
"619,20.65,0,,Aucune,		"
"620,20.68,0,,Aucune,		"
"621,20.72,0,,Aucune,		"
"622,20.75,0,,Aucune,		"
"623,20.78,0,,Aucune,		"
"624,20.82,0,,Aucune,		"
"625,20.85,0,,Aucune,		"
"626,20.88,0,,Aucune,		"
"627,20.92,0,,Aucune,		"
"628,20.95,0,,Aucune,		"
"629,20.98,0,,Aucune,		"
"630,21.02,0,,Aucune,		"
"631,21.05,0,,Aucune,		"
"632,21.08,0,,Aucune,		"
"633,21.12,0,,Aucune,		"
"634,21.15,0,,Aucune,		"
"635,21.18,0,,Aucune,		"
"636,21.22,0,,Aucune,		"
"637,21.25,0,,Aucune,		"
"638,21.28,0,,Aucune,		"
"639,21.32,0,,Aucune,		"
"640,21.35,0,,Aucune,		"
"641,21.38,0,,Aucune,		"
"642,21.42,0,,Aucune,		"
"643,21.45,0,,Aucune,		"
"644,21.48,0,,Aucune,		"
"645,21.52,0,,Aucune,		"
"646,21.55,0,,Aucune,		"
"647,21.58,0,,Aucune,		"
"648,21.62,0,,Aucune,		"
"649,21.65,0,,Aucune,		"
"650,21.68,0,,Aucune,		"
"651,21.72,0,,Aucune,		"
"652,21.75,0,,Aucune,		"
"653,21.78,0,,Aucune,		"
"654,21.82,0,,Aucune,		"
"655,21.85,0,,Aucune,		"
"656,21.88,0,,Aucune,		"
"657,21.92,0,,Aucune,		"
"658,21.95,0,,Aucune,		"
"659,21.98,0,,Aucune,		"
"660,22.02,0,,Aucune,		"
"661,22.05,0,,Aucune,		"
"662,22.08,1,19,PACKAGING_DÉCHIRÉ	 PAS_TRIANGLE,?	"
"663,22.12,1,19,PACKAGING_DÉCHIRÉ	 PAS_TRIANGLE,?	"
"664,22.15,0,,Aucune,		"
"665,22.18,0,,Aucune,		"
"666,22.22,0,,Aucune,		"
"667,22.25,0,,Aucune,		"
"668,22.28,0,,Aucune,		"
"669,22.32,0,,Aucune,		"
"670,22.35,0,,Aucune,		"
"671,22.38,0,,Aucune,		"
"672,22.42,0,,Aucune,		"
"673,22.45,0,,Aucune,		"
"674,22.48,0,,Aucune,		"
"675,22.52,0,,Aucune,		"
"676,22.55,0,,Aucune,		"
"677,22.58,0,,Aucune,		"
"678,22.62,0,,Aucune,		"
"679,22.65,0,,Aucune,		"
"680,22.68,0,,Aucune,		"
"681,22.72,0,,Aucune,		"
"682,22.75,0,,Aucune,		"
"683,22.78,0,,Aucune,		"
"684,22.82,0,,Aucune,		"
"685,22.85,0,,Aucune,		"
"686,22.88,0,,Aucune,		"
"687,22.92,0,,Aucune,		"
"688,22.95,0,,Aucune,		"
"689,22.98,0,,Aucune,		"
"690,23.02,0,,Aucune,		"
"691,23.05,0,,Aucune,		"
"692,23.08,0,,Aucune,		"
"693,23.12,0,,Aucune,		"
"694,23.15,0,,Aucune,		"
"695,23.18,0,,Aucune,		"
"696,23.22,0,,Aucune,		"
"697,23.25,0,,Aucune,		"
"698,23.28,0,,Aucune,		"
"699,23.32,0,,Aucune,		"
"700,23.35,0,,Aucune,		"
"701,23.38,0,,Aucune,		"
"702,23.42,0,,Aucune,		"
"703,23.45,1,20,PACKAGING_DÉCHIRÉ	 PAS_TRIANGLE,?	"
"704,23.48,0,,Aucune,		"
"705,23.52,0,,Aucune,		"
"706,23.55,0,,Aucune,		"
"707,23.58,0,,Aucune,		"
"708,23.62,0,,Aucune,		"
"709,23.65,0,,Aucune,		"
"710,23.68,0,,Aucune,		"
"711,23.72,0,,Aucune,		"
"712,23.75,0,,Aucune,		"
"713,23.79,0,,Aucune,		"
"714,23.82,0,,Aucune,		"
"715,23.85,0,,Aucune,		"
"716,23.89,0,,Aucune,		"
"717,23.92,0,,Aucune,		"
"718,23.95,0,,Aucune,		"
"719,23.99,0,,Aucune,		"
"720,24.02,0,,Aucune,		"
"721,24.05,0,,Aucune,		"
"722,24.09,0,,Aucune,		"
"723,24.12,0,,Aucune,		"
"724,24.15,0,,Aucune,		"
"725,24.19,0,,Aucune,		"
"726,24.22,0,,Aucune,		"
"727,24.25,0,,Aucune,		"
"728,24.29,0,,Aucune,		"
"729,24.32,0,,Aucune,		"
"730,24.35,0,,Aucune,		"
"731,24.39,0,,Aucune,		"
"732,24.42,0,,Aucune,		"
"733,24.45,0,,Aucune,		"
"734,24.49,0,,Aucune,		"
"735,24.52,0,,Aucune,		"
"736,24.55,0,,Aucune,		"
"737,24.59,0,,Aucune,		"
"738,24.62,0,,Aucune,		"
"739,24.65,0,,Aucune,		"
"740,24.69,0,,Aucune,		"
"741,24.72,0,,Aucune,		"
"742,24.75,0,,Aucune,		"
"743,24.79,0,,Aucune,		"
"744,24.82,0,,Aucune,		"
"745,24.85,0,,Aucune,		"
"746,24.89,0,,Aucune,		"
"747,24.92,0,,Aucune,		"
"748,24.95,0,,Aucune,		"
"749,24.99,0,,Aucune,		"
"750,25.02,0,,Aucune,		"
"751,25.05,0,,Aucune,		"
"752,25.09,0,,Aucune,		"
"753,25.12,0,,Aucune,		"
"754,25.15,0,,Aucune,		"
"755,25.19,0,,Aucune,		"
"756,25.22,0,,Aucune,		"
"757,25.25,0,,Aucune,		"
"758,25.29,0,,Aucune,		"
"759,25.32,0,,Aucune,		"
"760,25.35,0,,Aucune,		"
"761,25.39,0,,Aucune,		"
"762,25.42,0,,Aucune,		"
"763,25.45,0,,Aucune,		"
"764,25.49,0,,Aucune,		"
"765,25.52,0,,Aucune,		"
"766,25.55,0,,Aucune,		"
"767,25.59,0,,Aucune,		"
"768,25.62,0,,Aucune,		"
"769,25.65,0,,Aucune,		"
"770,25.69,0,,Aucune,		"
"771,25.72,0,,Aucune,		"
"772,25.75,0,,Aucune,		"
"773,25.79,0,,Aucune,		"
"774,25.82,0,,Aucune,		"
"775,25.85,0,,Aucune,		"
"776,25.89,0,,Aucune,		"
"777,25.92,0,,Aucune,		"
"778,25.95,0,,Aucune,		"
"779,25.99,0,,Aucune,		"
"780,26.02,0,,Aucune,		"
"781,26.05,0,,Aucune,		"
"782,26.09,0,,Aucune,		"
"783,26.12,0,,Aucune,		"
"784,26.15,0,,Aucune,		"
"785,26.19,0,,Aucune,		"
"786,26.22,0,,Aucune,		"
"787,26.25,0,,Aucune,		"
"788,26.29,0,,Aucune,		"
"789,26.32,0,,Aucune,		"
"790,26.35,0,,Aucune,		"
"791,26.39,0,,Aucune,		"
"792,26.42,0,,Aucune,		"
"793,26.45,0,,Aucune,		"
"794,26.49,0,,Aucune,		"
"795,26.52,0,,Aucune,		"
"796,26.55,0,,Aucune,		"
"797,26.59,0,,Aucune,		"
"798,26.62,0,,Aucune,		"
"799,26.65,0,,Aucune,		"
"800,26.69,0,,Aucune,		"
"801,26.72,0,,Aucune,		"
"802,26.75,0,,Aucune,		"
"803,26.79,0,,Aucune,		"
"804,26.82,0,,Aucune,		"
"805,26.85,0,,Aucune,		"
"806,26.89,0,,Aucune,		"
"807,26.92,0,,Aucune,		"
"808,26.95,0,,Aucune,		"
"809,26.99,0,,Aucune,		"
"810,27.02,0,,Aucune,		"
"811,27.05,0,,Aucune,		"
"812,27.09,0,,Aucune,		"
"813,27.12,0,,Aucune,		"
"814,27.15,0,,Aucune,		"
"815,27.19,0,,Aucune,		"
"816,27.22,0,,Aucune,		"
"817,27.25,0,,Aucune,		"
"818,27.29,0,,Aucune,		"
"819,27.32,0,,Aucune,		"
"820,27.35,0,,Aucune,		"
"821,27.39,0,,Aucune,		"
"822,27.42,0,,Aucune,		"
"823,27.45,0,,Aucune,		"
"824,27.49,0,,Aucune,		"
"825,27.52,0,,Aucune,		"
"826,27.55,0,,Aucune,		"
"827,27.59,0,,Aucune,		"
"828,27.62,0,,Aucune,		"
"829,27.65,0,,Aucune,		"
"830,27.69,0,,Aucune,		"
"831,27.72,0,,Aucune,		"
"832,27.75,0,,Aucune,		"
"833,27.79,0,,Aucune,		"
"834,27.82,0,,Aucune,		"
"835,27.85,0,,Aucune,		"
"836,27.89,0,,Aucune,		"
"837,27.92,0,,Aucune,		"
"838,27.95,0,,Aucune,		"
"839,27.99,0,,Aucune,		"
"840,28.02,0,,Aucune,		"
"841,28.06,0,,Aucune,		"
"842,28.09,0,,Aucune,		"
"843,28.12,0,,Aucune,		"
"844,28.16,0,,Aucune,		"
"845,28.19,0,,Aucune,		"
"846,28.22,0,,Aucune,		"
"847,28.26,0,,Aucune,		"
"848,28.29,0,,Aucune,		"
"849,28.32,0,,Aucune,		"
"850,28.36,0,,Aucune,		"
"851,28.39,0,,Aucune,		"
"852,28.42,0,,Aucune,		"
"853,28.46,0,,Aucune,		"
"854,28.49,0,,Aucune,		"
"855,28.52,0,,Aucune,		"
"856,28.56,0,,Aucune,		"
"857,28.59,0,,Aucune,		"
"858,28.62,0,,Aucune,		"
"859,28.66,0,,Aucune,		"
"860,28.69,0,,Aucune,		"
"861,28.72,0,,Aucune,		"
"862,28.76,0,,Aucune,		"
"863,28.79,0,,Aucune,		"
"864,28.82,0,,Aucune,		"
"865,28.86,0,,Aucune,		"
"866,28.89,0,,Aucune,		"
"867,28.92,0,,Aucune,		"
"868,28.96,0,,Aucune,		"
"869,28.99,0,,Aucune,		"
"870,29.02,0,,Aucune,		"
"871,29.06,0,,Aucune,		"
"872,29.09,0,,Aucune,		"
"873,29.12,0,,Aucune,		"
"874,29.16,0,,Aucune,		"
"875,29.19,0,,Aucune,		"
"876,29.22,0,,Aucune,		"
"877,29.26,0,,Aucune,		"
"878,29.29,0,,Aucune,		"
"879,29.32,0,,Aucune,		"
"880,29.36,0,,Aucune,		"
"881,29.39,0,,Aucune,		"
"882,29.42,0,,Aucune,		"
"883,29.46,0,,Aucune,		"
"884,29.49,0,,Aucune,		"
"885,29.52,0,,Aucune,		"
"886,29.56,0,,Aucune,		"
"887,29.59,0,,Aucune,		"
"888,29.62,0,,Aucune,		"
"889,29.66,0,,Aucune,		"
"890,29.69,0,,Aucune,		"
"891,29.72,0,,Aucune,		"
"892,29.76,0,,Aucune,		"
"893,29.79,0,,Aucune,		"
"894,29.82,1,21,PACKAGING_DÉCHIRÉ	 PAS_TRIANGLE,?	"
"895,29.86,0,,Aucune,		"
"896,29.89,1,22,PACKAGING_DÉCHIRÉ	 PAS_TRIANGLE,?	"
"897,29.92,2,22,PACKAGING_DÉCHIRÉ	 PAS_TRIANGLE,?	"
"897,29.92,2,23,PACKAGING_DÉCHIRÉ	 PAS_TRIANGLE	 MAL_ALIGNÉ,?"
"898,29.96,2,22,PACKAGING_DÉCHIRÉ	 PAS_TRIANGLE,?	"
"898,29.96,2,23,PACKAGING_DÉCHIRÉ	 PAS_TRIANGLE,?	"
"899,29.99,2,22,PACKAGING_DÉCHIRÉ	 PAS_TRIANGLE,?	"
"899,29.99,2,23,PACKAGING_DÉCHIRÉ	 PAS_TRIANGLE,?	"
"900,30.02,2,22,PACKAGING_DÉCHIRÉ	 PAS_TRIANGLE,?	"
"900,30.02,2,23,PACKAGING_DÉCHIRÉ	 PAS_TRIANGLE,?	"
"901,30.06,0,,Aucune,		"
"902,30.09,1,24,PACKAGING_DÉCHIRÉ	 PAS_TRIANGLE,?	"
"903,30.12,1,24,PACKAGING_DÉCHIRÉ	 PAS_TRIANGLE,?	"
"904,30.16,0,,Aucune,		"
"905,30.19,0,,Aucune,		"
"906,30.22,0,,Aucune,		"
"907,30.26,0,,Aucune,		"
"908,30.29,0,,Aucune,		"
"909,30.32,0,,Aucune,		"
"910,30.36,0,,Aucune,		"
"911,30.39,0,,Aucune,		"
"912,30.42,0,,Aucune,		"
"913,30.46,0,,Aucune,		"
"914,30.49,1,25,PACKAGING_DÉCHIRÉ	 PAS_TRIANGLE	 MAL_ALIGNÉ,?"
"915,30.52,1,25,PACKAGING_DÉCHIRÉ	 PAS_TRIANGLE	 MAL_ALIGNÉ,?"
"916,30.56,1,25,PACKAGING_DÉCHIRÉ	 PAS_TRIANGLE	 MAL_ALIGNÉ,?"
"917,30.59,0,,Aucune,		"
"918,30.62,0,,Aucune,		"
"919,30.66,0,,Aucune,		"
"920,30.69,0,,Aucune,		"
"921,30.72,0,,Aucune,		"
"922,30.76,0,,Aucune,		"
"923,30.79,0,,Aucune,		"
"924,30.82,0,,Aucune,		"
"925,30.86,0,,Aucune,		"
"926,30.89,0,,Aucune,		"
"927,30.92,0,,Aucune,		"
"928,30.96,0,,Aucune,		"
"929,30.99,0,,Aucune,		"
"930,31.02,0,,Aucune,		"
"931,31.06,0,,Aucune,		"
"932,31.09,0,,Aucune,		"
"933,31.12,0,,Aucune,		"
"934,31.16,0,,Aucune,		"
"935,31.19,0,,Aucune,		"
"936,31.22,0,,Aucune,		"
"937,31.26,0,,Aucune,		"
"938,31.29,0,,Aucune,		"
"939,31.32,0,,Aucune,		"
"940,31.36,0,,Aucune,		"
"941,31.39,0,,Aucune,		"
"942,31.42,0,,Aucune,		"
"943,31.46,0,,Aucune,		"
"944,31.49,0,,Aucune,		"
"945,31.52,0,,Aucune,		"
"946,31.56,0,,Aucune,		"
"947,31.59,0,,Aucune,		"
"948,31.62,0,,Aucune,		"
"949,31.66,0,,Aucune,		"
"950,31.69,0,,Aucune,		"
"951,31.72,0,,Aucune,		"
"952,31.76,0,,Aucune,		"
"953,31.79,0,,Aucune,		"
"954,31.82,0,,Aucune,		"
"955,31.86,0,,Aucune,		"
"956,31.89,0,,Aucune,		"
"957,31.92,0,,Aucune,		"
"958,31.96,0,,Aucune,		"
"959,31.99,0,,Aucune,		"
"960,32.02,0,,Aucune,		"
"961,32.06,0,,Aucune,		"
"962,32.09,0,,Aucune,		"
"963,32.12,0,,Aucune,		"
"964,32.16,0,,Aucune,		"
"965,32.19,0,,Aucune,		"
"966,32.22,0,,Aucune,		"
"967,32.26,0,,Aucune,		"
"968,32.29,0,,Aucune,		"
"969,32.32,0,,Aucune,		"
"970,32.36,0,,Aucune,		"
"971,32.39,0,,Aucune,		"
"972,32.43,0,,Aucune,		"
"973,32.46,0,,Aucune,		"
"974,32.49,0,,Aucune,		"
"975,32.53,0,,Aucune,		"
"976,32.56,0,,Aucune,		"
"977,32.59,0,,Aucune,		"
"978,32.63,0,,Aucune,		"
"979,32.66,0,,Aucune,		"
"980,32.69,0,,Aucune,		"
"981,32.73,0,,Aucune,		"
"982,32.76,0,,Aucune,		"
"983,32.79,0,,Aucune,		"
"984,32.83,0,,Aucune,		"
"985,32.86,0,,Aucune,		"
"986,32.89,0,,Aucune,		"
"987,32.93,0,,Aucune,		"
"988,32.96,0,,Aucune,		"
"989,32.99,0,,Aucune,		"
"990,33.03,0,,Aucune,		"
"991,33.06,0,,Aucune,		"
"992,33.09,0,,Aucune,		"
"993,33.13,0,,Aucune,		"
"994,33.16,0,,Aucune,		"
"995,33.19,0,,Aucune,		"
"996,33.23,0,,Aucune,		"
"997,33.26,0,,Aucune,		"
"998,33.29,0,,Aucune,		"
"999,33.33,0,,Aucune,		"
"1000,33.36,0,,Aucune,		"
"1001,33.39,0,,Aucune,		"
"1002,33.43,0,,Aucune,		"
"1003,33.46,0,,Aucune,		"
"1004,33.49,0,,Aucune,		"
"1005,33.53,0,,Aucune,		"
"1006,33.56,0,,Aucune,		"
"1007,33.59,0,,Aucune,		"
"1008,33.63,0,,Aucune,		"
"1009,33.66,0,,Aucune,		"
"1010,33.69,0,,Aucune,		"
"1011,33.73,0,,Aucune,		"
"1012,33.76,0,,Aucune,		"
"1013,33.79,0,,Aucune,		"
"1014,33.83,0,,Aucune,		"
"1015,33.86,0,,Aucune,		"
"1016,33.89,0,,Aucune,		"
"1017,33.93,0,,Aucune,		"
"1018,33.96,0,,Aucune,		"
"1019,33.99,0,,Aucune,		"
"1020,34.03,0,,Aucune,		"
"1021,34.06,0,,Aucune,		"
"1022,34.09,0,,Aucune,		"
"1023,34.13,0,,Aucune,		"
"1024,34.16,0,,Aucune,		"
"1025,34.19,0,,Aucune,		"
"1026,34.23,0,,Aucune,		"
"1027,34.26,0,,Aucune,		"
"1028,34.29,0,,Aucune,		"
"1029,34.33,0,,Aucune,		"
"1030,34.36,0,,Aucune,		"
"1031,34.39,0,,Aucune,		"
"1032,34.43,0,,Aucune,		"
"1033,34.46,0,,Aucune,		"
"1034,34.49,0,,Aucune,		"
"1035,34.53,0,,Aucune,		"
"1036,34.56,0,,Aucune,		"
"1037,34.59,0,,Aucune,		"
"1038,34.63,0,,Aucune,		"
"1039,34.66,0,,Aucune,		"
"1040,34.69,0,,Aucune,		"
"1041,34.73,0,,Aucune,		"
"1042,34.76,0,,Aucune,		"
"1043,34.79,0,,Aucune,		"
"1044,34.83,0,,Aucune,		"
"1045,34.86,0,,Aucune,		"
"1046,34.89,0,,Aucune,		"
"1047,34.93,0,,Aucune,		"
"1048,34.96,0,,Aucune,		"
"1049,34.99,0,,Aucune,		"
"1050,35.03,0,,Aucune,		"
"1051,35.06,0,,Aucune,		"
"1052,35.09,0,,Aucune,		"
"1053,35.13,0,,Aucune,		"
"1054,35.16,0,,Aucune,		"
"1055,35.19,0,,Aucune,		"
"1056,35.23,0,,Aucune,		"
"1057,35.26,0,,Aucune,		"
"1058,35.29,0,,Aucune,		"
"1059,35.33,0,,Aucune,		"
"1060,35.36,0,,Aucune,		"
"1061,35.39,0,,Aucune,		"
"1062,35.43,0,,Aucune,		"
"1063,35.46,0,,Aucune,		"
"1064,35.49,0,,Aucune,		"
"1065,35.53,0,,Aucune,		"
"1066,35.56,0,,Aucune,		"
"1067,35.59,0,,Aucune,		"
"1068,35.63,0,,Aucune,		"
"1069,35.66,0,,Aucune,		"
"1070,35.69,0,,Aucune,		"
"1071,35.73,0,,Aucune,		"
"1072,35.76,0,,Aucune,		"
"1073,35.79,0,,Aucune,		"
"1074,35.83,0,,Aucune,		"
"1075,35.86,0,,Aucune,		"
"1076,35.89,0,,Aucune,		"
"1077,35.93,0,,Aucune,		"
"1078,35.96,0,,Aucune,		"
"1079,35.99,0,,Aucune,		"
"1080,36.03,0,,Aucune,		"
"1081,36.06,0,,Aucune,		"
"1082,36.09,0,,Aucune,		"
"1083,36.13,0,,Aucune,		"
"1084,36.16,0,,Aucune,		"
"1085,36.19,0,,Aucune,		"
"1086,36.23,0,,Aucune,		"
"1087,36.26,0,,Aucune,		"
"1088,36.29,0,,Aucune,		"
"1089,36.33,0,,Aucune,		"
"1090,36.36,0,,Aucune,		"
"1091,36.39,0,,Aucune,		"
"1092,36.43,0,,Aucune,		"
"1093,36.46,0,,Aucune,		"
"1094,36.49,0,,Aucune,		"
"1095,36.53,0,,Aucune,		"
"1096,36.56,0,,Aucune,		"
"1097,36.59,0,,Aucune,		"
"1098,36.63,0,,Aucune,		"
"1099,36.66,0,,Aucune,		"
"1100,36.70,0,,Aucune,		"
"1101,36.73,0,,Aucune,		"
"1102,36.76,0,,Aucune,		"
"1103,36.80,0,,Aucune,		"
"1104,36.83,0,,Aucune,		"
"1105,36.86,0,,Aucune,		"
"1106,36.90,0,,Aucune,		"
"1107,36.93,0,,Aucune,		"
"1108,36.96,0,,Aucune,		"
"1109,37.00,0,,Aucune,		"
"1110,37.03,0,,Aucune,		"
"1111,37.06,0,,Aucune,		"
"1112,37.10,0,,Aucune,		"
"1113,37.13,0,,Aucune,		"
"1114,37.16,0,,Aucune,		"
"1115,37.20,0,,Aucune,		"
"1116,37.23,0,,Aucune,		"
"1117,37.26,0,,Aucune,		"
"1118,37.30,0,,Aucune,		"
"1119,37.33,0,,Aucune,		"
"1120,37.36,0,,Aucune,		"
"1121,37.40,0,,Aucune,		"
"1122,37.43,0,,Aucune,		"
"1123,37.46,0,,Aucune,		"
"1124,37.50,0,,Aucune,		"
"1125,37.53,0,,Aucune,		"
"1126,37.56,0,,Aucune,		"
"1127,37.60,0,,Aucune,		"
"1128,37.63,0,,Aucune,		"
"1129,37.66,0,,Aucune,		"
"1130,37.70,0,,Aucune,		"
"1131,37.73,0,,Aucune,		"
"1132,37.76,0,,Aucune,		"
"1133,37.80,0,,Aucune,		"
"1134,37.83,0,,Aucune,		"
"1135,37.86,0,,Aucune,		"
"1136,37.90,0,,Aucune,		"
"1137,37.93,0,,Aucune,		"
"1138,37.96,0,,Aucune,		"
"1139,38.00,0,,Aucune,		"
"1140,38.03,0,,Aucune,		"
"1141,38.06,0,,Aucune,		"
"1142,38.10,0,,Aucune,		"
"1143,38.13,0,,Aucune,		"
"1144,38.16,0,,Aucune,		"
"1145,38.20,0,,Aucune,		"
"1146,38.23,0,,Aucune,		"
"1147,38.26,0,,Aucune,		"
"1148,38.30,0,,Aucune,		"
"1149,38.33,0,,Aucune,		"
"1150,38.36,0,,Aucune,		"
"1151,38.40,0,,Aucune,		"
"1152,38.43,0,,Aucune,		"
"1153,38.46,0,,Aucune,		"
"1154,38.50,0,,Aucune,		"
"1155,38.53,0,,Aucune,		"
"1156,38.56,0,,Aucune,		"
"1157,38.60,0,,Aucune,		"
"1158,38.63,0,,Aucune,		"
"1159,38.66,0,,Aucune,		"
"1160,38.70,0,,Aucune,		"
"1161,38.73,0,,Aucune,		"
"1162,38.76,0,,Aucune,		"
"1163,38.80,0,,Aucune,		"
"1164,38.83,0,,Aucune,		"
"1165,38.86,0,,Aucune,		"
"1166,38.90,0,,Aucune,		"
"1167,38.93,0,,Aucune,		"
"1168,38.96,0,,Aucune,		"
"1169,39.00,0,,Aucune,		"
"1170,39.03,0,,Aucune,		"
"1171,39.06,0,,Aucune,		"
"1172,39.10,0,,Aucune,		"
"1173,39.13,0,,Aucune,		"
"1174,39.16,0,,Aucune,		"
"1175,39.20,0,,Aucune,		"
"1176,39.23,0,,Aucune,		"
"1177,39.26,0,,Aucune,		"
"1178,39.30,0,,Aucune,		"
"1179,39.33,0,,Aucune,		"
"1180,39.36,0,,Aucune,		"
"1181,39.40,0,,Aucune,		"
"1182,39.43,0,,Aucune,		"
"1183,39.46,0,,Aucune,		"
"1184,39.50,0,,Aucune,		"
"1185,39.53,0,,Aucune,		"
"1186,39.56,0,,Aucune,		"
"1187,39.60,0,,Aucune,		"
"1188,39.63,0,,Aucune,		"
"1189,39.66,0,,Aucune,		"
"1190,39.70,0,,Aucune,		"
"1191,39.73,0,,Aucune,		"
"1192,39.76,0,,Aucune,		"
"1193,39.80,0,,Aucune,		"
"1194,39.83,0,,Aucune,		"
"1195,39.86,0,,Aucune,		"
"1196,39.90,0,,Aucune,		"
"1197,39.93,0,,Aucune,		"
"1198,39.96,0,,Aucune,		"
"1199,40.00,0,,Aucune,		"
"1200,40.03,0,,Aucune,		"
"1201,40.06,0,,Aucune,		"
"1202,40.10,0,,Aucune,		"
"1203,40.13,0,,Aucune,		"
"1204,40.16,0,,Aucune,		"
"1205,40.20,0,,Aucune,		"
"1206,40.23,0,,Aucune,		"
"1207,40.26,0,,Aucune,		"
"1208,40.30,0,,Aucune,		"
"1209,40.33,0,,Aucune,		"
"1210,40.36,0,,Aucune,		"
"1211,40.40,0,,Aucune,		"
"1212,40.43,0,,Aucune,		"
"1213,40.46,0,,Aucune,		"
"1214,40.50,0,,Aucune,		"
"1215,40.53,0,,Aucune,		"
"1216,40.56,0,,Aucune,		"
"1217,40.60,0,,Aucune,		"
"1218,40.63,0,,Aucune,		"
"1219,40.66,0,,Aucune,		"
"1220,40.70,0,,Aucune,		"
"1221,40.73,0,,Aucune,		"
"1222,40.76,0,,Aucune,		"
"1223,40.80,0,,Aucune,		"
"1224,40.83,0,,Aucune,		"
"1225,40.86,0,,Aucune,		"
"1226,40.90,0,,Aucune,		"
"1227,40.93,0,,Aucune,		"
"1228,40.96,0,,Aucune,		"
"1229,41.00,0,,Aucune,		"
"1230,41.03,0,,Aucune,		"
"1231,41.07,0,,Aucune,		"
"1232,41.10,0,,Aucune,		"
"1233,41.13,0,,Aucune,		"
"1234,41.17,0,,Aucune,		"
"1235,41.20,0,,Aucune,		"
"1236,41.23,0,,Aucune,		"
"1237,41.27,0,,Aucune,		"
"1238,41.30,0,,Aucune,		"
"1239,41.33,0,,Aucune,		"
"1240,41.37,0,,Aucune,		"
"1241,41.40,0,,Aucune,		"
"1242,41.43,0,,Aucune,		"
"1243,41.47,0,,Aucune,		"
"1244,41.50,0,,Aucune,		"
"1245,41.53,0,,Aucune,		"
"1246,41.57,0,,Aucune,		"
"1247,41.60,0,,Aucune,		"
"1248,41.63,0,,Aucune,		"
"1249,41.67,0,,Aucune,		"
"1250,41.70,0,,Aucune,		"
"1251,41.73,0,,Aucune,		"
"1252,41.77,0,,Aucune,		"
"1253,41.80,0,,Aucune,		"
"1254,41.83,0,,Aucune,		"
"1255,41.87,0,,Aucune,		"
"1256,41.90,0,,Aucune,		"
"1257,41.93,0,,Aucune,		"
"1258,41.97,0,,Aucune,		"
"1259,42.00,0,,Aucune,		"
"1260,42.03,0,,Aucune,		"
"1261,42.07,0,,Aucune,		"
"1262,42.10,0,,Aucune,		"
"1263,42.13,0,,Aucune,		"
"1264,42.17,0,,Aucune,		"
"1265,42.20,0,,Aucune,		"
"1266,42.23,0,,Aucune,		"
"1267,42.27,0,,Aucune,		"
"1268,42.30,0,,Aucune,		"
"1269,42.33,0,,Aucune,		"
"1270,42.37,0,,Aucune,		"
"1271,42.40,0,,Aucune,		"
"1272,42.43,0,,Aucune,		"
"1273,42.47,0,,Aucune,		"
"1274,42.50,0,,Aucune,		"
"1275,42.53,0,,Aucune,		"
"1276,42.57,0,,Aucune,		"
"1277,42.60,0,,Aucune,		"
"1278,42.63,0,,Aucune,		"
"1279,42.67,0,,Aucune,		"
"1280,42.70,0,,Aucune,		"
"1281,42.73,0,,Aucune,		"
"1282,42.77,0,,Aucune,		"
"1283,42.80,0,,Aucune,		"
"1284,42.83,0,,Aucune,		"
"1285,42.87,0,,Aucune,		"
"1286,42.90,0,,Aucune,		"
"1287,42.93,0,,Aucune,		"
"1288,42.97,0,,Aucune,		"
"1289,43.00,0,,Aucune,		"
"1290,43.03,0,,Aucune,		"
"1291,43.07,0,,Aucune,		"
"1292,43.10,0,,Aucune,		"
"1293,43.13,0,,Aucune,		"
"1294,43.17,0,,Aucune,		"
"1295,43.20,0,,Aucune,		"
"1296,43.23,0,,Aucune,		"
"1297,43.27,0,,Aucune,		"
"1298,43.30,0,,Aucune,		"
"1299,43.33,0,,Aucune,		"
"1300,43.37,0,,Aucune,		"
"1301,43.40,0,,Aucune,		"
"1302,43.43,0,,Aucune,		"
"1303,43.47,0,,Aucune,		"
"1304,43.50,0,,Aucune,		"
"1305,43.53,0,,Aucune,		"
"1306,43.57,0,,Aucune,		"
"1307,43.60,0,,Aucune,		"
"1308,43.63,0,,Aucune,		"
"1309,43.67,0,,Aucune,		"
"1310,43.70,0,,Aucune,		"
"1311,43.73,0,,Aucune,		"
"1312,43.77,0,,Aucune,		"
"1313,43.80,0,,Aucune,		"
"1314,43.83,0,,Aucune,		"
"1315,43.87,0,,Aucune,		"
"1316,43.90,0,,Aucune,		"
"1317,43.93,0,,Aucune,		"
"1318,43.97,0,,Aucune,		"
"1319,44.00,0,,Aucune,		"
"1320,44.03,0,,Aucune,		"
"1321,44.07,0,,Aucune,		"
"1322,44.10,0,,Aucune,		"
"1323,44.13,0,,Aucune,		"
"1324,44.17,0,,Aucune,		"
"1325,44.20,0,,Aucune,		"
"1326,44.23,0,,Aucune,		"
"1327,44.27,0,,Aucune,		"
"1328,44.30,0,,Aucune,		"
"1329,44.33,0,,Aucune,		"
"1330,44.37,0,,Aucune,		"
"1331,44.40,0,,Aucune,		"
"1332,44.43,0,,Aucune,		"
"1333,44.47,0,,Aucune,		"
"1334,44.50,0,,Aucune,		"
"1335,44.53,0,,Aucune,		"
"1336,44.57,0,,Aucune,		"
"1337,44.60,0,,Aucune,		"
"1338,44.63,0,,Aucune,		"
"1339,44.67,0,,Aucune,		"
"1340,44.70,0,,Aucune,		"
"1341,44.73,0,,Aucune,		"
"1342,44.77,0,,Aucune,		"
"1343,44.80,0,,Aucune,		"
"1344,44.83,0,,Aucune,		"
"1345,44.87,0,,Aucune,		"
"1346,44.90,0,,Aucune,		"
"1347,44.93,0,,Aucune,		"
"1348,44.97,0,,Aucune,		"
"1349,45.00,0,,Aucune,		"
"1350,45.03,0,,Aucune,		"
"1351,45.07,0,,Aucune,		"
"1352,45.10,0,,Aucune,		"
"1353,45.13,0,,Aucune,		"
"1354,45.17,0,,Aucune,		"
"1355,45.20,0,,Aucune,		"
"1356,45.23,1,26,PACKAGING_DÉCHIRÉ	 PAS_TRIANGLE	 MAL_ALIGNÉ,?"
"1357,45.27,0,,Aucune,		"
"1358,45.30,1,27,PACKAGING_DÉCHIRÉ	 PAS_TRIANGLE	 MAL_ALIGNÉ,?"
"1359,45.34,0,,Aucune,		"
"1360,45.37,0,,Aucune,		"
"1361,45.40,0,,Aucune,		"
"1362,45.44,0,,Aucune,		"
"1363,45.47,0,,Aucune,		"
"1364,45.50,0,,Aucune,		"
"1365,45.54,0,,Aucune,		"
"1366,45.57,0,,Aucune,		"
"1367,45.60,0,,Aucune,		"
"1368,45.64,0,,Aucune,		"
"1369,45.67,0,,Aucune,		"
"1370,45.70,0,,Aucune,		"
"1371,45.74,0,,Aucune,		"
"1372,45.77,0,,Aucune,		"
"1373,45.80,0,,Aucune,		"
"1374,45.84,0,,Aucune,		"
"1375,45.87,0,,Aucune,		"
"1376,45.90,0,,Aucune,		"
"1377,45.94,0,,Aucune,		"
"1378,45.97,0,,Aucune,		"
"1379,46.00,0,,Aucune,		"
"1380,46.04,0,,Aucune,		"
"1381,46.07,0,,Aucune,		"
"1382,46.10,0,,Aucune,		"
"1383,46.14,0,,Aucune,		"
"1384,46.17,0,,Aucune,		"
"1385,46.20,0,,Aucune,		"
"1386,46.24,0,,Aucune,		"
"1387,46.27,0,,Aucune,		"
"1388,46.30,0,,Aucune,		"
"1389,46.34,0,,Aucune,		"
"1390,46.37,0,,Aucune,		"
"1391,46.40,0,,Aucune,		"
"1392,46.44,0,,Aucune,		"
"1393,46.47,0,,Aucune,		"
"1394,46.50,0,,Aucune,		"
"1395,46.54,0,,Aucune,		"
"1396,46.57,0,,Aucune,		"
"1397,46.60,0,,Aucune,		"
"1398,46.64,0,,Aucune,		"
"1399,46.67,0,,Aucune,		"
"1400,46.70,0,,Aucune,		"
"1401,46.74,0,,Aucune,		"
"1402,46.77,0,,Aucune,		"
"1403,46.80,1,28,PACKAGING_DÉCHIRÉ	 PAS_TRIANGLE,?	"
"1404,46.84,1,28,PACKAGING_DÉCHIRÉ,?		"
"1405,46.87,1,28,PACKAGING_DÉCHIRÉ	 PAS_TRIANGLE,?	"
"1406,46.90,0,,Aucune,		"
"1407,46.94,0,,Aucune,		"
"1408,46.97,0,,Aucune,		"
"1409,47.00,0,,Aucune,		"
"1410,47.04,0,,Aucune,		"
"1411,47.07,0,,Aucune,		"
"1412,47.10,0,,Aucune,		"
"1413,47.14,0,,Aucune,		"
"1414,47.17,0,,Aucune,		"
"1415,47.20,0,,Aucune,		"
"1416,47.24,0,,Aucune,		"
"1417,47.27,0,,Aucune,		"
"1418,47.30,0,,Aucune,		"
"1419,47.34,0,,Aucune,		"
"1420,47.37,0,,Aucune,		"
"1421,47.40,0,,Aucune,		"
"1422,47.44,0,,Aucune,		"
"1423,47.47,0,,Aucune,		"
"1424,47.50,0,,Aucune,		"
"1425,47.54,0,,Aucune,		"
"1426,47.57,0,,Aucune,		"
"1427,47.60,0,,Aucune,		"
"1428,47.64,0,,Aucune,		"
"1429,47.67,0,,Aucune,		"
"1430,47.70,0,,Aucune,		"
"1431,47.74,0,,Aucune,		"
"1432,47.77,0,,Aucune,		"
"1433,47.80,0,,Aucune,		"
"1434,47.84,0,,Aucune,		"
"1435,47.87,0,,Aucune,		"
"1436,47.90,0,,Aucune,		"
"1437,47.94,0,,Aucune,		"
"1438,47.97,0,,Aucune,		"
"1439,48.00,0,,Aucune,		"
"1440,48.04,0,,Aucune,		"
"1441,48.07,0,,Aucune,		"
"1442,48.10,0,,Aucune,		"
"1443,48.14,0,,Aucune,		"
"1444,48.17,0,,Aucune,		"
"1445,48.20,0,,Aucune,		"
"1446,48.24,1,29,PACKAGING_DÉCHIRÉ	 PAS_TRIANGLE,?	"
"1447,48.27,0,,Aucune,		"
"1448,48.30,0,,Aucune,		"
"1449,48.34,0,,Aucune,		"
"1450,48.37,0,,Aucune,		"
"1451,48.40,0,,Aucune,		"
"1452,48.44,0,,Aucune,		"
"1453,48.47,0,,Aucune,		"
"1454,48.50,0,,Aucune,		"
"1455,48.54,0,,Aucune,		"
"1456,48.57,0,,Aucune,		"
"1457,48.60,0,,Aucune,		"
"1458,48.64,0,,Aucune,		"
"1459,48.67,0,,Aucune,		"
"1460,48.70,0,,Aucune,		"
"1461,48.74,0,,Aucune,		"
"1462,48.77,0,,Aucune,		"
"1463,48.80,0,,Aucune,		"
"1464,48.84,0,,Aucune,		"
"1465,48.87,0,,Aucune,		"
"1466,48.90,0,,Aucune,		"
"1467,48.94,0,,Aucune,		"
"1468,48.97,0,,Aucune,		"
"1469,49.00,0,,Aucune,		"
"1470,49.04,0,,Aucune,		"
"1471,49.07,0,,Aucune,		"
"1472,49.10,0,,Aucune,		"
"1473,49.14,0,,Aucune,		"
"1474,49.17,0,,Aucune,		"
"1475,49.20,0,,Aucune,		"
"1476,49.24,0,,Aucune,		"
"1477,49.27,1,30,PACKAGING_DÉCHIRÉ	 PAS_TRIANGLE,?	"
"1478,49.30,1,30,PACKAGING_DÉCHIRÉ	 PAS_TRIANGLE,?	"
"1479,49.34,0,,Aucune,		"
"1480,49.37,0,,Aucune,		"
"1481,49.40,0,,Aucune,		"
"1482,49.44,0,,Aucune,		"
"1483,49.47,0,,Aucune,		"
"1484,49.50,0,,Aucune,		"
"1485,49.54,0,,Aucune,		"
"1486,49.57,0,,Aucune,		"
"1487,49.61,0,,Aucune,		"
"1488,49.64,0,,Aucune,		"
"1489,49.67,0,,Aucune,		"
"1490,49.71,0,,Aucune,		"
"1491,49.74,0,,Aucune,		"
"1492,49.77,0,,Aucune,		"
"1493,49.81,0,,Aucune,		"
"1494,49.84,0,,Aucune,		"
"1495,49.87,0,,Aucune,		"
"1496,49.91,0,,Aucune,		"
"1497,49.94,0,,Aucune,		"
"1498,49.97,0,,Aucune,		"
"1499,50.01,0,,Aucune,		"
"1500,50.04,0,,Aucune,		"
"1501,50.07,0,,Aucune,		"
"1502,50.11,0,,Aucune,		"
"1503,50.14,0,,Aucune,		"
"1504,50.17,0,,Aucune,		"
"1505,50.21,0,,Aucune,		"
"1506,50.24,0,,Aucune,		"
"1507,50.27,0,,Aucune,		"
"1508,50.31,0,,Aucune,		"
"1509,50.34,0,,Aucune,		"
"1510,50.37,0,,Aucune,		"
"1511,50.41,0,,Aucune,		"
"1512,50.44,0,,Aucune,		"
"1513,50.47,0,,Aucune,		"
"1514,50.51,0,,Aucune,		"
"1515,50.54,0,,Aucune,		"
"1516,50.57,0,,Aucune,		"
"1517,50.61,0,,Aucune,		"
"1518,50.64,0,,Aucune,		"
"1519,50.67,0,,Aucune,		"
"1520,50.71,0,,Aucune,		"
"1521,50.74,0,,Aucune,		"
"1522,50.77,0,,Aucune,		"
"1523,50.81,0,,Aucune,		"
"1524,50.84,0,,Aucune,		"
"1525,50.87,0,,Aucune,		"
"1526,50.91,0,,Aucune,		"
"1527,50.94,1,31,MAL_ALIGNÉ,?		"
"1528,50.97,0,,Aucune,		"
"1529,51.01,0,,Aucune,		"
"1530,51.04,0,,Aucune,		"
"1531,51.07,0,,Aucune,		"
"1532,51.11,0,,Aucune,		"
"1533,51.14,0,,Aucune,		"
"1534,51.17,0,,Aucune,		"
"1535,51.21,0,,Aucune,		"
"1536,51.24,0,,Aucune,		"
"1537,51.27,0,,Aucune,		"
"1538,51.31,0,,Aucune,		"
"1539,51.34,0,,Aucune,		"
"1540,51.37,0,,Aucune,		"
"1541,51.41,0,,Aucune,		"
"1542,51.44,0,,Aucune,		"
"1543,51.47,0,,Aucune,		"
"1544,51.51,0,,Aucune,		"
"1545,51.54,0,,Aucune,		"
"1546,51.57,0,,Aucune,		"
"1547,51.61,0,,Aucune,		"
"1548,51.64,0,,Aucune,		"
"1549,51.67,0,,Aucune,		"
"1550,51.71,0,,Aucune,		"
"1551,51.74,0,,Aucune,		"
"1552,51.77,0,,Aucune,		"
"1553,51.81,0,,Aucune,		"
"1554,51.84,0,,Aucune,		"
"1555,51.87,0,,Aucune,		"
"1556,51.91,0,,Aucune,		"
"1557,51.94,0,,Aucune,		"
"1558,51.97,0,,Aucune,		"
"1559,52.01,0,,Aucune,		"
"1560,52.04,0,,Aucune,		"
"1561,52.07,0,,Aucune,		"
"1562,52.11,0,,Aucune,		"
"1563,52.14,0,,Aucune,		"
"1564,52.17,0,,Aucune,		"
"1565,52.21,0,,Aucune,		"
"1566,52.24,0,,Aucune,		"
"1567,52.27,0,,Aucune,		"
"1568,52.31,0,,Aucune,		"
"1569,52.34,0,,Aucune,		"
"1570,52.37,0,,Aucune,		"
"1571,52.41,0,,Aucune,		"
"1572,52.44,0,,Aucune,		"
"1573,52.47,0,,Aucune,		"
"1574,52.51,0,,Aucune,		"
"1575,52.54,0,,Aucune,		"
"1576,52.57,0,,Aucune,		"
"1577,52.61,0,,Aucune,		"
"1578,52.64,0,,Aucune,		"
"1579,52.67,0,,Aucune,		"
"1580,52.71,0,,Aucune,		"
"1581,52.74,0,,Aucune,		"
"1582,52.77,0,,Aucune,		"
"1583,52.81,0,,Aucune,		"
"1584,52.84,0,,Aucune,		"
"1585,52.87,0,,Aucune,		"
"1586,52.91,0,,Aucune,		"
"1587,52.94,0,,Aucune,		"
"1588,52.97,1,32,PACKAGING_DÉCHIRÉ	 PAS_TRIANGLE	 MAL_ALIGNÉ,?"
"1589,53.01,1,32,PACKAGING_DÉCHIRÉ	 PAS_TRIANGLE	 MAL_ALIGNÉ,?"
"1590,53.04,0,,Aucune,		"
"1591,53.07,0,,Aucune,		"
"1592,53.11,0,,Aucune,		"
"1593,53.14,0,,Aucune,		"
"1594,53.17,0,,Aucune,		"
"1595,53.21,0,,Aucune,		"
"1596,53.24,0,,Aucune,		"
"1597,53.27,0,,Aucune,		"
"1598,53.31,0,,Aucune,		"
"1599,53.34,0,,Aucune,		"
"1600,53.37,0,,Aucune,		"
"1601,53.41,0,,Aucune,		"
"1602,53.44,0,,Aucune,		"
"1603,53.47,0,,Aucune,		"
"1604,53.51,0,,Aucune,		"
"1605,53.54,0,,Aucune,		"
"1606,53.57,0,,Aucune,		"
"1607,53.61,0,,Aucune,		"
"1608,53.64,0,,Aucune,		"
"1609,53.67,0,,Aucune,		"
"1610,53.71,0,,Aucune,		"
"1611,53.74,0,,Aucune,		"
"1612,53.77,0,,Aucune,		"
"1613,53.81,0,,Aucune,		"
"1614,53.84,0,,Aucune,		"
"1615,53.87,0,,Aucune,		"
"1616,53.91,0,,Aucune,		"
"1617,53.94,0,,Aucune,		"
"1618,53.98,0,,Aucune,		"
"1619,54.01,0,,Aucune,		"
"1620,54.04,0,,Aucune,		"
"1621,54.08,0,,Aucune,		"
"1622,54.11,0,,Aucune,		"
"1623,54.14,0,,Aucune,		"
"1624,54.18,0,,Aucune,		"
"1625,54.21,0,,Aucune,		"
"1626,54.24,0,,Aucune,		"
"1627,54.28,0,,Aucune,		"
"1628,54.31,0,,Aucune,		"
"1629,54.34,0,,Aucune,		"
"1630,54.38,0,,Aucune,		"
"1631,54.41,0,,Aucune,		"
"1632,54.44,0,,Aucune,		"
"1633,54.48,0,,Aucune,		"
"1634,54.51,0,,Aucune,		"
"1635,54.54,0,,Aucune,		"
"1636,54.58,0,,Aucune,		"
"1637,54.61,0,,Aucune,		"
"1638,54.64,0,,Aucune,		"
"1639,54.68,0,,Aucune,		"
"1640,54.71,0,,Aucune,		"
"1641,54.74,0,,Aucune,		"
"1642,54.78,0,,Aucune,		"
"1643,54.81,0,,Aucune,		"
"1644,54.84,0,,Aucune,		"
"1645,54.88,0,,Aucune,		"
"1646,54.91,1,33,PACKAGING_DÉCHIRÉ	 PAS_TRIANGLE,?	"
"1647,54.94,1,33,PACKAGING_DÉCHIRÉ	 PAS_TRIANGLE,?	"
"1648,54.98,0,,Aucune,		"
"1649,55.01,0,,Aucune,		"
"1650,55.04,0,,Aucune,		"
"1651,55.08,0,,Aucune,		"
"1652,55.11,0,,Aucune,		"
"1653,55.14,0,,Aucune,		"
"1654,55.18,0,,Aucune,		"
"1655,55.21,0,,Aucune,		"
"1656,55.24,0,,Aucune,		"
"1657,55.28,0,,Aucune,		"
"1658,55.31,0,,Aucune,		"
"1659,55.34,0,,Aucune,		"
"1660,55.38,0,,Aucune,		"
"1661,55.41,0,,Aucune,		"
"1662,55.44,0,,Aucune,		"
"1663,55.48,0,,Aucune,		"
"1664,55.51,0,,Aucune,		"
"1665,55.54,0,,Aucune,		"
"1666,55.58,0,,Aucune,		"
"1667,55.61,1,34,PACKAGING_DÉCHIRÉ	 PAS_TRIANGLE	 MAL_ALIGNÉ,?"
"1668,55.64,0,,Aucune,		"
"1669,55.68,0,,Aucune,		"
"1670,55.71,1,35,MAL_ALIGNÉ,?		"
"1671,55.74,0,,Aucune,		"
"1672,55.78,0,,Aucune,		"
"1673,55.81,0,,Aucune,		"
"1674,55.84,0,,Aucune,		"
"1675,55.88,0,,Aucune,		"
"1676,55.91,0,,Aucune,		"
"1677,55.94,0,,Aucune,		"
"1678,55.98,1,36,PACKAGING_DÉCHIRÉ	 PAS_TRIANGLE	 MAL_ALIGNÉ,?"
"1679,56.01,0,,Aucune,		"
"1680,56.04,0,,Aucune,		"
"1681,56.08,0,,Aucune,		"
"1682,56.11,0,,Aucune,		"
"1683,56.14,0,,Aucune,		"
"1684,56.18,0,,Aucune,		"
"1685,56.21,0,,Aucune,		"
"1686,56.24,0,,Aucune,		"
"1687,56.28,0,,Aucune,		"
"1688,56.31,0,,Aucune,		"
"1689,56.34,0,,Aucune,		"
"1690,56.38,0,,Aucune,		"
"1691,56.41,0,,Aucune,		"
"1692,56.44,0,,Aucune,		"
"1693,56.48,0,,Aucune,		"
"1694,56.51,0,,Aucune,		"
"1695,56.54,0,,Aucune,		"
"1696,56.58,0,,Aucune,		"
"1697,56.61,0,,Aucune,		"
"1698,56.64,0,,Aucune,		"
"1699,56.68,0,,Aucune,		"
"1700,56.71,0,,Aucune,		"
"1701,56.74,0,,Aucune,		"
"1702,56.78,0,,Aucune,		"
"1703,56.81,1,37,PACKAGING_DÉCHIRÉ	 PAS_TRIANGLE,?	"
"1704,56.84,0,,Aucune,		"
"1705,56.88,0,,Aucune,		"
"1706,56.91,0,,Aucune,		"
"1707,56.94,0,,Aucune,		"
"1708,56.98,0,,Aucune,		"
"1709,57.01,0,,Aucune,		"
"1710,57.04,0,,Aucune,		"
"1711,57.08,0,,Aucune,		"
"1712,57.11,0,,Aucune,		"
"1713,57.14,0,,Aucune,		"
"1714,57.18,0,,Aucune,		"
"1715,57.21,0,,Aucune,		"
"1716,57.24,0,,Aucune,		"
"1717,57.28,0,,Aucune,		"
"1718,57.31,0,,Aucune,		"
"1719,57.34,0,,Aucune,		"
"1720,57.38,0,,Aucune,		"
"1721,57.41,0,,Aucune,		"
"1722,57.44,0,,Aucune,		"
"1723,57.48,0,,Aucune,		"
"1724,57.51,0,,Aucune,		"
"1725,57.54,0,,Aucune,		"
"1726,57.58,0,,Aucune,		"
"1727,57.61,0,,Aucune,		"
"1728,57.64,0,,Aucune,		"
"1729,57.68,0,,Aucune,		"
"1730,57.71,0,,Aucune,		"
"1731,57.74,0,,Aucune,		"
"1732,57.78,1,38,PACKAGING_DÉCHIRÉ	 PAS_TRIANGLE,?	"
"1733,57.81,0,,Aucune,		"
"1734,57.84,0,,Aucune,		"
"1735,57.88,0,,Aucune,		"
"1736,57.91,0,,Aucune,		"
"1737,57.94,0,,Aucune,		"
"1738,57.98,0,,Aucune,		"
"1739,58.01,0,,Aucune,		"
"1740,58.04,0,,Aucune,		"
"1741,58.08,0,,Aucune,		"
"1742,58.11,0,,Aucune,		"
"1743,58.14,0,,Aucune,		"
"1744,58.18,0,,Aucune,		"
"1745,58.21,0,,Aucune,		"
"1746,58.25,0,,Aucune,		"
"1747,58.28,0,,Aucune,		"
"1748,58.31,0,,Aucune,		"
"1749,58.35,0,,Aucune,		"
"1750,58.38,0,,Aucune,		"
"1751,58.41,0,,Aucune,		"
"1752,58.45,0,,Aucune,		"
"1753,58.48,0,,Aucune,		"
"1754,58.51,0,,Aucune,		"
"1755,58.55,0,,Aucune,		"
"1756,58.58,0,,Aucune,		"
"1757,58.61,0,,Aucune,		"
"1758,58.65,0,,Aucune,		"
"1759,58.68,0,,Aucune,		"
"1760,58.71,0,,Aucune,		"
"1761,58.75,0,,Aucune,		"
"1762,58.78,0,,Aucune,		"
"1763,58.81,0,,Aucune,		"
"1764,58.85,0,,Aucune,		"
"1765,58.88,0,,Aucune,		"
"1766,58.91,0,,Aucune,		"
"1767,58.95,0,,Aucune,		"
"1768,58.98,0,,Aucune,		"
"1769,59.01,0,,Aucune,		"
"1770,59.05,0,,Aucune,		"
"1771,59.08,0,,Aucune,		"
"1772,59.11,0,,Aucune,		"
"1773,59.15,0,,Aucune,		"
"1774,59.18,0,,Aucune,		"
"1775,59.21,0,,Aucune,		"
"1776,59.25,0,,Aucune,		"
"1777,59.28,0,,Aucune,		"
"1778,59.31,0,,Aucune,		"
"1779,59.35,0,,Aucune,		"
"1780,59.38,0,,Aucune,		"
"1781,59.41,0,,Aucune,		"
"1782,59.45,0,,Aucune,		"
"1783,59.48,0,,Aucune,		"
"1784,59.51,0,,Aucune,		"
"1785,59.55,0,,Aucune,		"
"1786,59.58,0,,Aucune,		"
"1787,59.61,0,,Aucune,		"
"1788,59.65,0,,Aucune,		"
"1789,59.68,0,,Aucune,		"
"1790,59.71,0,,Aucune,		"
"1791,59.75,0,,Aucune,		"
"1792,59.78,0,,Aucune,		"
"1793,59.81,0,,Aucune,		"
"1794,59.85,0,,Aucune,		"
"1795,59.88,0,,Aucune,		"
"1796,59.91,0,,Aucune,		"
"1797,59.95,0,,Aucune,		"
"1798,59.98,0,,Aucune,		"
"1799,60.01,0,,Aucune,		"
"1800,60.05,0,,Aucune,		"
"1801,60.08,0,,Aucune,		"
"1802,60.11,0,,Aucune,		"
"1803,60.15,0,,Aucune,		"
"1804,60.18,0,,Aucune,		"
"1805,60.21,0,,Aucune,		"
"1806,60.25,0,,Aucune,		"
"1807,60.28,0,,Aucune,		"
"1808,60.31,0,,Aucune,		"
"1809,60.35,0,,Aucune,		"
"1810,60.38,0,,Aucune,		"
"1811,60.41,0,,Aucune,		"
"1812,60.45,0,,Aucune,		"
"1813,60.48,0,,Aucune,		"
"1814,60.51,0,,Aucune,		"
"1815,60.55,0,,Aucune,		"
"1816,60.58,0,,Aucune,		"
"1817,60.61,0,,Aucune,		"
"1818,60.65,0,,Aucune,		"
"1819,60.68,0,,Aucune,		"
"1820,60.71,0,,Aucune,		"
"1821,60.75,0,,Aucune,		"
"1822,60.78,0,,Aucune,		"
"1823,60.81,0,,Aucune,		"
"1824,60.85,0,,Aucune,		"
"1825,60.88,0,,Aucune,		"
"1826,60.91,0,,Aucune,		"
"1827,60.95,0,,Aucune,		"
"1828,60.98,0,,Aucune,		"
"1829,61.01,0,,Aucune,		"
"1830,61.05,0,,Aucune,		"
"1831,61.08,0,,Aucune,		"
"1832,61.11,0,,Aucune,		"
"1833,61.15,0,,Aucune,		"
"1834,61.18,0,,Aucune,		"
"1835,61.21,0,,Aucune,		"
"1836,61.25,0,,Aucune,		"
"1837,61.28,0,,Aucune,		"
"1838,61.31,0,,Aucune,		"
"1839,61.35,0,,Aucune,		"
"1840,61.38,0,,Aucune,		"
"1841,61.41,0,,Aucune,		"
"1842,61.45,0,,Aucune,		"
"1843,61.48,0,,Aucune,		"
"1844,61.51,0,,Aucune,		"
"1845,61.55,0,,Aucune,		"
"1846,61.58,0,,Aucune,		"
"1847,61.61,0,,Aucune,		"
"1848,61.65,0,,Aucune,		"
"1849,61.68,0,,Aucune,		"
"1850,61.71,0,,Aucune,		"
"1851,61.75,0,,Aucune,		"
"1852,61.78,0,,Aucune,		"
"1853,61.81,0,,Aucune,		"
"1854,61.85,0,,Aucune,		"
"1855,61.88,0,,Aucune,		"
"1856,61.91,0,,Aucune,		"
"1857,61.95,0,,Aucune,		"
"1858,61.98,0,,Aucune,		"
"1859,62.01,0,,Aucune,		"
"1860,62.05,0,,Aucune,		"
"1861,62.08,0,,Aucune,		"
"1862,62.11,0,,Aucune,		"
"1863,62.15,0,,Aucune,		"
"1864,62.18,0,,Aucune,		"
"1865,62.21,0,,Aucune,		"
"1866,62.25,0,,Aucune,		"
"1867,62.28,0,,Aucune,		"
"1868,62.31,0,,Aucune,		"
"1869,62.35,0,,Aucune,		"
"1870,62.38,0,,Aucune,		"
"1871,62.41,0,,Aucune,		"
"1872,62.45,0,,Aucune,		"
"1873,62.48,0,,Aucune,		"
"1874,62.51,0,,Aucune,		"
"1875,62.55,0,,Aucune,		"
"1876,62.58,0,,Aucune,		"
"1877,62.62,0,,Aucune,		"
"1878,62.65,0,,Aucune,		"
"1879,62.68,0,,Aucune,		"
"1880,62.72,0,,Aucune,		"
"1881,62.75,0,,Aucune,		"
"1882,62.78,0,,Aucune,		"
"1883,62.82,0,,Aucune,		"
"1884,62.85,0,,Aucune,		"
"1885,62.88,0,,Aucune,		"
"1886,62.92,0,,Aucune,		"
"1887,62.95,0,,Aucune,		"
"1888,62.98,0,,Aucune,		"
"1889,63.02,0,,Aucune,		"
"1890,63.05,0,,Aucune,		"
"1891,63.08,0,,Aucune,		"
"1892,63.12,0,,Aucune,		"
"1893,63.15,0,,Aucune,		"
"1894,63.18,0,,Aucune,		"
"1895,63.22,0,,Aucune,		"
"1896,63.25,0,,Aucune,		"
"1897,63.28,0,,Aucune,		"
"1898,63.32,0,,Aucune,		"
"1899,63.35,0,,Aucune,		"
"1900,63.38,0,,Aucune,		"
"1901,63.42,0,,Aucune,		"
"1902,63.45,0,,Aucune,		"
"1903,63.48,0,,Aucune,		"
"1904,63.52,0,,Aucune,		"
"1905,63.55,0,,Aucune,		"
"1906,63.58,0,,Aucune,		"
"1907,63.62,0,,Aucune,		"
"1908,63.65,0,,Aucune,		"
"1909,63.68,0,,Aucune,		"
"1910,63.72,0,,Aucune,		"
"1911,63.75,0,,Aucune,		"
"1912,63.78,0,,Aucune,		"
"1913,63.82,0,,Aucune,		"
"1914,63.85,0,,Aucune,		"
"1915,63.88,0,,Aucune,		"
"1916,63.92,0,,Aucune,		"
"1917,63.95,0,,Aucune,		"
"1918,63.98,0,,Aucune,		"
"1919,64.02,0,,Aucune,		"
"1920,64.05,0,,Aucune,		"
"1921,64.08,0,,Aucune,		"
"1922,64.12,0,,Aucune,		"
"1923,64.15,0,,Aucune,		"
"1924,64.18,0,,Aucune,		"
"1925,64.22,0,,Aucune,		"
"1926,64.25,0,,Aucune,		"
"1927,64.28,0,,Aucune,		"
"1928,64.32,0,,Aucune,		"
"1929,64.35,0,,Aucune,		"
"1930,64.38,0,,Aucune,		"
"1931,64.42,0,,Aucune,		"
"1932,64.45,0,,Aucune,		"
"1933,64.48,0,,Aucune,		"
"1934,64.52,1,39,PACKAGING_DÉCHIRÉ	 PAS_TRIANGLE,?	"
"1935,64.55,0,,Aucune,		"
"1936,64.58,0,,Aucune,		"
"1937,64.62,0,,Aucune,		"
"1938,64.65,0,,Aucune,		"
"1939,64.68,0,,Aucune,		"
"1940,64.72,0,,Aucune,		"
"1941,64.75,0,,Aucune,		"
"1942,64.78,0,,Aucune,		"
"1943,64.82,0,,Aucune,		"
"1944,64.85,0,,Aucune,		"
"1945,64.88,0,,Aucune,		"
"1946,64.92,0,,Aucune,		"
"1947,64.95,0,,Aucune,		"
"1948,64.98,0,,Aucune,		"
"1949,65.02,0,,Aucune,		"
"1950,65.05,0,,Aucune,		"
"1951,65.08,0,,Aucune,		"
"1952,65.12,0,,Aucune,		"
"1953,65.15,0,,Aucune,		"
"1954,65.18,0,,Aucune,		"
"1955,65.22,1,40,PACKAGING_DÉCHIRÉ	 PAS_TRIANGLE	 MAL_ALIGNÉ,?"
"1956,65.25,0,,Aucune,		"
"1957,65.28,1,41,PACKAGING_DÉCHIRÉ	 PAS_TRIANGLE	 MAL_ALIGNÉ,?"
"1958,65.32,1,41,PACKAGING_DÉCHIRÉ	 MAL_ALIGNÉ,?	"
"1959,65.35,1,41,PACKAGING_DÉCHIRÉ	 PAS_TRIANGLE	 MAL_ALIGNÉ,?"
"1960,65.38,1,41,PACKAGING_DÉCHIRÉ	 PAS_TRIANGLE	 MAL_ALIGNÉ,?"
"1961,65.42,1,41,PACKAGING_DÉCHIRÉ	 PAS_TRIANGLE	 MAL_ALIGNÉ,?"
"1962,65.45,1,41,PACKAGING_DÉCHIRÉ	 PAS_TRIANGLE	 MAL_ALIGNÉ,?"
"1963,65.48,0,,Aucune,		"
"1964,65.52,0,,Aucune,		"
"1965,65.55,0,,Aucune,		"
"1966,65.58,0,,Aucune,		"
"1967,65.62,0,,Aucune,		"
"1968,65.65,0,,Aucune,		"
"1969,65.68,0,,Aucune,		"
"1970,65.72,0,,Aucune,		"
"1971,65.75,0,,Aucune,		"
"1972,65.78,0,,Aucune,		"
"1973,65.82,0,,Aucune,		"
"1974,65.85,0,,Aucune,		"
"1975,65.88,0,,Aucune,		"
"1976,65.92,0,,Aucune,		"
"1977,65.95,1,42,PACKAGING_DÉCHIRÉ	 PAS_TRIANGLE	 MAL_ALIGNÉ,?"
"1978,65.98,1,42,PACKAGING_DÉCHIRÉ	 PAS_TRIANGLE	 MAL_ALIGNÉ,?"
"1979,66.02,0,,Aucune,		"
"1980,66.05,0,,Aucune,		"
"1981,66.08,1,43,PACKAGING_DÉCHIRÉ	 PAS_TRIANGLE	 MAL_ALIGNÉ,?"
"1982,66.12,1,43,PACKAGING_DÉCHIRÉ	 PAS_TRIANGLE	 MAL_ALIGNÉ,?"
"1983,66.15,1,43,PACKAGING_DÉCHIRÉ	 PAS_TRIANGLE	 MAL_ALIGNÉ,?"
"1984,66.18,1,43,PACKAGING_DÉCHIRÉ	 PAS_TRIANGLE	 MAL_ALIGNÉ,?"
"1985,66.22,1,43,PACKAGING_DÉCHIRÉ	 PAS_TRIANGLE	 MAL_ALIGNÉ,?"
"1986,66.25,1,43,PACKAGING_DÉCHIRÉ	 PAS_TRIANGLE	 MAL_ALIGNÉ,?"
"1987,66.28,1,43,PACKAGING_DÉCHIRÉ	 PAS_TRIANGLE	 MAL_ALIGNÉ,?"
"1988,66.32,0,,Aucune,		"
"1989,66.35,2,44,PACKAGING_DÉCHIRÉ	 MAL_ALIGNÉ,?	"
"1989,66.35,2,45,PACKAGING_DÉCHIRÉ	 PAS_TRIANGLE,?	"
"1990,66.38,0,,Aucune,		"
"1991,66.42,1,46,PACKAGING_DÉCHIRÉ	 PAS_TRIANGLE	 MAL_ALIGNÉ,?"
"1992,66.45,1,46,PACKAGING_DÉCHIRÉ	 MAL_ALIGNÉ,?	"
"1993,66.48,2,46,PACKAGING_DÉCHIRÉ	 PAS_TRIANGLE	 MAL_ALIGNÉ,?"
"1993,66.48,2,47,PACKAGING_DÉCHIRÉ	 PAS_TRIANGLE,?	"
"1994,66.52,2,46,PACKAGING_DÉCHIRÉ	 MAL_ALIGNÉ,?	"
"1994,66.52,2,47,PACKAGING_DÉCHIRÉ	 PAS_TRIANGLE,?	"
"1995,66.55,1,46,PACKAGING_DÉCHIRÉ	 MAL_ALIGNÉ,?	"
"1996,66.58,2,46,PACKAGING_DÉCHIRÉ	 MAL_ALIGNÉ,?	"
"1996,66.58,2,47,PACKAGING_DÉCHIRÉ	 PAS_TRIANGLE,?	"
"1997,66.62,1,46,PACKAGING_DÉCHIRÉ	 MAL_ALIGNÉ,?	"
"1998,66.65,1,46,PACKAGING_DÉCHIRÉ	 PAS_TRIANGLE	 MAL_ALIGNÉ,?"
"1999,66.68,1,46,PACKAGING_DÉCHIRÉ	 MAL_ALIGNÉ,?	"
"2000,66.72,0,,Aucune,		"
"2001,66.75,0,,Aucune,		"
"2002,66.78,0,,Aucune,		"
"2003,66.82,0,,Aucune,		"
"2004,66.85,0,,Aucune,		"
"2005,66.89,0,,Aucune,		"
"2006,66.92,0,,Aucune,		"
"2007,66.95,0,,Aucune,		"
"2008,66.99,0,,Aucune,		"
"2009,67.02,0,,Aucune,		"
"2010,67.05,0,,Aucune,		"
"2011,67.09,0,,Aucune,		"
"2012,67.12,0,,Aucune,		"
"2013,67.15,0,,Aucune,		"
"2014,67.19,0,,Aucune,		"
"2015,67.22,0,,Aucune,		"
"2016,67.25,0,,Aucune,		"
"2017,67.29,0,,Aucune,		"
"2018,67.32,0,,Aucune,		"
"2019,67.35,0,,Aucune,		"
"2020,67.39,0,,Aucune,		"
"2021,67.42,0,,Aucune,		"
"2022,67.45,0,,Aucune,		"
"2023,67.49,0,,Aucune,		"
"2024,67.52,0,,Aucune,		"
"2025,67.55,0,,Aucune,		"
"2026,67.59,0,,Aucune,		"
"2027,67.62,0,,Aucune,		"
"2028,67.65,0,,Aucune,		"
"2029,67.69,0,,Aucune,		"
"2030,67.72,0,,Aucune,		"
"2031,67.75,0,,Aucune,		"
"2032,67.79,0,,Aucune,		"
"2033,67.82,0,,Aucune,		"
"2034,67.85,0,,Aucune,		"
"2035,67.89,0,,Aucune,		"
"2036,67.92,0,,Aucune,		"
"2037,67.95,0,,Aucune,		"
"2038,67.99,0,,Aucune,		"
"2039,68.02,0,,Aucune,		"
"2040,68.05,0,,Aucune,		"
"2041,68.09,0,,Aucune,		"
"2042,68.12,0,,Aucune,		"
"2043,68.15,1,48,PACKAGING_DÉCHIRÉ	 PAS_TRIANGLE	 MAL_ALIGNÉ,?"
"2044,68.19,0,,Aucune,		"
"2045,68.22,0,,Aucune,		"
"2046,68.25,0,,Aucune,		"
"2047,68.29,0,,Aucune,		"
"2048,68.32,0,,Aucune,		"
"2049,68.35,0,,Aucune,		"
"2050,68.39,0,,Aucune,		"
"2051,68.42,0,,Aucune,		"
"2052,68.45,0,,Aucune,		"
"2053,68.49,0,,Aucune,		"
"2054,68.52,0,,Aucune,		"
"2055,68.55,0,,Aucune,		"
"2056,68.59,0,,Aucune,		"
"2057,68.62,0,,Aucune,		"
"2058,68.65,0,,Aucune,		"
"2059,68.69,0,,Aucune,		"
"2060,68.72,0,,Aucune,		"
"2061,68.75,0,,Aucune,		"
"2062,68.79,0,,Aucune,		"
"2063,68.82,0,,Aucune,		"
"2064,68.85,0,,Aucune,		"
"2065,68.89,0,,Aucune,		"
"2066,68.92,0,,Aucune,		"
"2067,68.95,0,,Aucune,		"
"2068,68.99,0,,Aucune,		"
"2069,69.02,0,,Aucune,		"
"2070,69.05,0,,Aucune,		"
"2071,69.09,0,,Aucune,		"
"2072,69.12,0,,Aucune,		"
"2073,69.15,0,,Aucune,		"
"2074,69.19,0,,Aucune,		"
"2075,69.22,0,,Aucune,		"
"2076,69.25,0,,Aucune,		"
"2077,69.29,0,,Aucune,		"
"2078,69.32,0,,Aucune,		"
"2079,69.35,0,,Aucune,		"
"2080,69.39,0,,Aucune,		"
"2081,69.42,0,,Aucune,		"
"2082,69.45,0,,Aucune,		"
"2083,69.49,0,,Aucune,		"
"2084,69.52,0,,Aucune,		"
"2085,69.55,0,,Aucune,		"
"2086,69.59,0,,Aucune,		"
"2087,69.62,0,,Aucune,		"
"2088,69.65,0,,Aucune,		"
"2089,69.69,0,,Aucune,		"
"2090,69.72,0,,Aucune,		"
"2091,69.75,1,49,PACKAGING_DÉCHIRÉ	 PAS_TRIANGLE	 MAL_ALIGNÉ,?"
"2092,69.79,1,49,PACKAGING_DÉCHIRÉ	 PAS_TRIANGLE	 MAL_ALIGNÉ,?"
"2093,69.82,0,,Aucune,		"
"2094,69.85,1,50,PACKAGING_DÉCHIRÉ	 PAS_TRIANGLE	 MAL_ALIGNÉ,?"
"2095,69.89,0,,Aucune,		"
"2096,69.92,0,,Aucune,		"
"2097,69.95,1,51,PACKAGING_DÉCHIRÉ	 PAS_TRIANGLE	 MAL_ALIGNÉ,?"
"2098,69.99,1,51,PACKAGING_DÉCHIRÉ	 PAS_TRIANGLE	 MAL_ALIGNÉ,?"
